"cod_municipio","municipio","estado","valor"
1712702,Mateiros,TO,49000
3138807,Luz,MG,4500
3523909,Itu,SP,400
3532900,Nova Europa,SP,800
4210050,Macieira,SC,100
4310504,Iraí,RS,6000
5210562,Itaguari,GO,270
5210604,Itaguaru,GO,150
5210802,Itajá,GO,125
5210901,Itapaci,GO,1520
5211008,Itapirapuã,GO,4100
5211206,Itapuranga,GO,450
5211305,Itarumã,GO,4000
5211404,Itauçu,GO,750
5211503,Itumbiara,GO,34500
5211602,Ivolândia,GO,2500
5211701,Jandaia,GO,11000
5211800,Jaraguá,GO,6300
5211909,Jataí,GO,290000
5212006,Jaupaci,GO,2800
5212055,Jesúpolis,GO,360
5212105,Joviânia,GO,21800
5212204,Jussara,GO,7500
5212501,Luziânia,GO,65000
1100015,Alta Floresta D'Oeste,RO,1072
1100023,Ariquemes,RO,6979
1100031,Cabixi,RO,27705
1100049,Cacoal,RO,2160
1100056,Cerejeiras,RO,36430
1100064,Colorado do Oeste,RO,3050
1100072,Corumbiara,RO,51250
1100080,Costa Marques,RO,200
1100098,Espigão D'Oeste,RO,1130
1100114,Jaru,RO,28
1100130,Machadinho D'Oeste,RO,14209
1100148,Nova Brasilândia D'Oeste,RO,996
1100189,Pimenta Bueno,RO,2108
1100205,Porto Velho,RO,13100
1100262,Rio Crespo,RO,26410
1100288,Rolim de Moura,RO,5000
1100296,Santa Luzia D'Oeste,RO,4439
1100304,Vilhena,RO,43000
1100320,São Miguel do Guaporé,RO,15000
1100338,Nova Mamoré,RO,3200
1100346,Alvorada D'Oeste,RO,600
1100379,Alto Alegre dos Parecis,RO,785
1100403,Alto Paraíso,RO,19096
1100452,Buritis,RO,220
1100502,Novo Horizonte do Oeste,RO,1594
1100700,Campo Novo de Rondônia,RO,240
1100809,Candeias do Jamari,RO,1200
1100908,Castanheiras,RO,3861
1100924,Chupinguaia,RO,37000
1100940,Cujubim,RO,19868
1101104,Itapuã do Oeste,RO,3370
1101450,Parecis,RO,1570
1101468,Pimenteiras do Oeste,RO,44100
1101476,Primavera de Rondônia,RO,50
1101484,São Felipe D'Oeste,RO,1392
1101492,São Francisco do Guaporé,RO,1800
1101500,Seringueiras,RO,3337
1101609,Theobroma,RO,833
1101757,Vale do Anari,RO,2077
1200179,Capixaba,AC,1155
1200252,Epitaciolândia,AC,70
1200385,Plácido de Castro,AC,3000
1200401,Rio Branco,AC,1360
1200450,Senador Guiomard,AC,400
1200708,Xapuri,AC,200
1301704,Humaitá,AM,3000
1400050,Alto Alegre,RR,25000
1400100,Boa Vista,RR,6800
1400159,Bonfim,RR,22000
1400175,Cantá,RR,700
1400282,Iracema,RR,2277
1400308,Mucajaí,RR,500
1500131,Abel Figueiredo,PA,5600
1500347,Água Azul do Norte,PA,600
1500602,Altamira,PA,14000
1501451,Belterra,PA,23000
1501758,Brejo Grande do Araguaia,PA,500
1502707,Conceição do Araguaia,PA,7111
1502764,Cumaru do Norte,PA,11668
1502939,Dom Eliseu,PA,101500
1503044,Floresta do Araguaia,PA,8166
1503457,Ipixuna do Pará,PA,6695
1504208,Marabá,PA,525
1504752,Mojuí dos Campos,PA,46000
1505031,Novo Progresso,PA,20000
1505502,Paragominas,PA,179600
1505536,Parauapebas,PA,600
1505551,Pau D'Arco,PA,449
1505650,Placas,PA,800
1506138,Redenção,PA,9193
1506161,Rio Maria,PA,500
1506187,Rondon do Pará,PA,47000
1506195,Rurópolis,PA,680
1506583,Santa Maria das Barreiras,PA,57492
1506708,Santana do Araguaia,PA,107000
1506807,Santarém,PA,30000
1507300,São Félix do Xingu,PA,3128
1507508,São João do Araguaia,PA,392
1507953,Tailândia,PA,17500
1508050,Trairão,PA,2100
1508084,Tucumã,PA,420
1508126,Ulianópolis,PA,51232
1508159,Uruará,PA,230
1508407,Xinguara,PA,100
1600238,Ferreira Gomes,AP,320
1600253,Itaubal,AP,1520
1600303,Macapá,AP,2820
1600535,Porto Grande,AP,430
1600709,Tartarugalzinho,AP,1625
1700251,Abreulândia,TO,8449
1700350,Aliança do Tocantins,TO,7170
1700400,Almas,TO,10016
1700707,Alvorada,TO,32000
1701002,Ananás,TO,600
1701101,Aparecida do Rio Negro,TO,30000
1701309,Aragominas,TO,400
1701903,Araguacema,TO,21500
1702000,Araguaçu,TO,14393
1702109,Araguaína,TO,7064
1702307,Arapoema,TO,540
1703008,Babaçulândia,TO,2200
1703073,Barra do Ouro,TO,10065
1703206,Bernardo Sayão,TO,1027
1703305,Bom Jesus do Tocantins,TO,14313
1703701,Brejinho de Nazaré,TO,24200
1703842,Campos Lindos,TO,101400
1703867,Cariri do Tocantins,TO,16207
1703909,Caseara,TO,48248
1704105,Centenário,TO,4150
1704600,Chapada de Areia,TO,817
1705102,Chapada da Natividade,TO,12400
1706001,Couto Magalhães,TO,12000
1706100,Cristalândia,TO,4065
1706258,Crixás do Tocantins,TO,5390
1706506,Darcinópolis,TO,9000
1707009,Dianópolis,TO,18308
1707108,Divinópolis do Tocantins,TO,16002
1707207,Dois Irmãos do Tocantins,TO,4000
1707306,Dueré,TO,2063
1707553,Fátima,TO,2350
1707652,Figueirópolis,TO,20210
1708205,Formoso do Araguaia,TO,4214
1708254,Tabocão,TO,4002
1708304,Goianorte,TO,11000
1709005,Goiatins,TO,14500
1709302,Guaraí,TO,12183
1709500,Gurupi,TO,15055
1709807,Ipueiras,TO,2850
1710508,Itacajá,TO,13000
1710904,Itapiratins,TO,14965
1711506,Jaú do Tocantins,TO,816
1711803,Juarina,TO,570
1711902,Lagoa da Confusão,TO,46711
1711951,Lagoa do Tocantins,TO,3000
1712405,Lizarda,TO,2000
1712454,Luzinópolis,TO,400
1712504,Marianópolis do Tocantins,TO,21347
1713205,Miracema do Tocantins,TO,10250
1713304,Miranorte,TO,12012
1713601,Monte do Carmo,TO,36500
1713700,Monte Santo do Tocantins,TO,2480
1713809,Palmeiras do Tocantins,TO,300
1713957,Muricilândia,TO,800
1714203,Natividade,TO,3000
1714880,Nova Olinda,TO,370
1715002,Nova Rosalândia,TO,7501
1715101,Novo Acordo,TO,5743
1715259,Novo Jardim,TO,180
1715507,Oliveira de Fátima,TO,1800
1715705,Palmeirante,TO,11133
1715754,Palmeirópolis,TO,3527
1716109,Paraíso do Tocantins,TO,1276
1716505,Pedro Afonso,TO,74000
1716604,Peixe,TO,57694
1716653,Pequizeiro,TO,1100
1717008,Pindorama do Tocantins,TO,3100
1717206,Piraquê,TO,5050
1717503,Pium,TO,23933
1718006,Porto Alegre do Tocantins,TO,1045
1718204,Porto Nacional,TO,46000
1718451,Pugmil,TO,3850
1718709,Rio dos Bois,TO,6730
1718758,Rio Sono,TO,4070
1718840,Sandolândia,TO,608
1718865,Santa Fé do Araguaia,TO,10923
1718881,Santa Maria do Tocantins,TO,9863
1718899,Santa Rita do Tocantins,TO,16500
1718907,Santa Rosa do Tocantins,TO,37800
1720499,São Valério,TO,15732
1720655,Silvanópolis,TO,24500
1720853,Sucupira,TO,15293
1720903,Taguatinga,TO,200
1720978,Talismã,TO,13377
1721000,Palmas,TO,14060
1721109,Tocantínia,TO,3278
1721257,Tupirama,TO,8520
1722081,Wanderlândia,TO,550
1722107,Xambioá,TO,500
2100055,Açailândia,MA,62614
2100105,Afonso Cunha,MA,9600
2100303,Aldeias Altas,MA,550
2100477,Alto Alegre do Pindaré,MA,338
2100501,Alto Parnaíba,MA,55658
2100808,Anapurus,MA,7800
2101400,Balsas,MA,199054
2101608,Barra do Corda,MA,300
2101806,Benedito Leite,MA,4000
2102002,Bom Jardim,MA,10900
2102036,Bom Jesus das Selvas,MA,3650
2102101,Brejo,MA,16200
2102200,Buriti,MA,13600
2102309,Buriti Bravo,MA,4000
2102325,Buriticupu,MA,31200
2102556,Campestre do Maranhão,MA,380
2102804,Carolina,MA,27040
2103000,Caxias,MA,4946
2103208,Chapadinha,MA,4400
2103257,Cidelândia,MA,3989
2103505,Colinas,MA,5800
2104057,Estreito,MA,1680
2104073,Feira Nova do Maranhão,MA,1700
2104081,Fernando Falcão,MA,6520
2104107,Fortaleza dos Nogueiras,MA,16900
2104206,Fortuna,MA,350
2104602,Governador Eugênio Barros,MA,2150
2104628,Governador Luiz Rocha,MA,1550
2104800,Grajaú,MA,13396
2105427,Itinga do Maranhão,MA,23474
2105450,Jatobá,MA,420
2105500,João Lisboa,MA,200
2105708,Lago da Pedra,MA,2800
2105922,Lagoa do Mato,MA,550
2105989,Lajeado Novo,MA,695
2106102,Loreto,MA,35810
2106300,Magalhães de Almeida,MA,2942
2106359,Marajá do Sena,MA,1200
2106409,Mata Roma,MA,8200
2106607,Matões,MA,5000
2106672,Milagres do Maranhão,MA,5000
2106706,Mirador,MA,16650
2107258,Nova Colinas,MA,1984
2107308,Nova Iorque,MA,950
2107704,Paraibano,MA,650
2107803,Parnarama,MA,11000
2107902,Passagem Franca,MA,980
2108009,Pastos Bons,MA,8800
2109007,Porto Franco,MA,640
2109502,Riachão,MA,52580
2109700,Sambaíba,MA,45230
2110005,Santa Luzia,MA,8100
2110104,Santa Quitéria do Maranhão,MA,3930
2110401,São Benedito do Rio Preto,MA,1450
2110609,São Bernardo,MA,1584
2110658,São Domingos do Azeitão,MA,27950
2110708,São Domingos do Maranhão,MA,670
2110807,São Félix de Balsas,MA,4788
2110906,São Francisco do Maranhão,MA,1200
2111052,São João do Paraíso,MA,5
2111078,São João do Soter,MA,4970
2111102,São João dos Patos,MA,3930
2111573,São Pedro dos Crentes,MA,1685
2111607,São Raimundo das Mangabeiras,MA,17600
2111748,Senador Alexandre Costa,MA,500
2111805,Sítio Novo,MA,210
2111904,Sucupira do Norte,MA,6550
2111953,Sucupira do Riachão,MA,480
2112001,Tasso Fragoso,MA,197662
2112605,Urbano Santos,MA,950
2112852,Vila Nova dos Martírios,MA,3307
2200103,Agricolândia,PI,960
2200459,Alvorada do Gurguéia,PI,2650
2200806,Antônio Almeida,PI,6972
2201150,Baixa Grande do Ribeiro,PI,210334
2201309,Barreiras do Piauí,PI,15945
2201770,Boa Hora,PI,1400
2201903,Bom Jesus,PI,79235
2202703,Cocal,PI,50
2202901,Corrente,PI,19852
2203008,Cristalândia do Piauí,PI,750
2203230,Currais,PI,51886
2204402,Gilbués,PI,29660
2204501,Guadalupe,PI,550
2205607,Landri Sales,PI,2060
2206605,Monte Alegre do Piauí,PI,25276
2207405,Palmeira do Piauí,PI,14550
2207504,Palmeirais,PI,460
2208304,Piracuruca,PI,1400
2208551,Porto Alegre do Piauí,PI,1950
2208700,Redenção do Gurguéia,PI,1260
2208809,Regeneração,PI,14433
2208908,Ribeiro Gonçalves,PI,88334
2209203,Santa Filomena,PI,71256
2209757,São Gonçalo do Gurguéia,PI,600
2209807,São Gonçalo do Piauí,PI,2260
2210508,São Pedro do Piauí,PI,155
2210623,Sebastião Barros,PI,735
2210631,Sebastião Leal,PI,30995
2210979,Tanque do Piauí,PI,1200
2211209,Uruçuí,PI,154895
2305308,Ibiapina,CE,260
2307007,Jaguaruana,CE,180
2307601,Limoeiro do Norte,CE,800
2307650,Maracanaú,CE,64
2313401,Tianguá,CE,110
2606101,Glória do Goitá,PE,300
2700201,Anadia,AL,850
2700409,Atalaia,AL,200
2701407,Campo Alegre,AL,550
2703908,Jundiá,AL,450
2704005,Junqueiro,AL,52
2704203,Limoeiro de Anadia,AL,850
2705606,Novo Lino,AL,80
2708600,São Miguel dos Campos,AL,280
2902500,Baianópolis,BA,14600
2903201,Barreiras,BA,200000
2907103,Carinhanha,BA,158
2908101,Cocos,BA,22000
2909307,Correntina,BA,198000
2909406,Cotegipe,BA,200
2911105,Formosa do Rio Preto,BA,455400
2916500,Itapicuru,BA,55
2916856,Itatim,BA,20
2917359,Jaborandi,BA,107900
2919553,Luís Eduardo Magalhães,BA,163100
2920205,Malhada,BA,582
2921906,Mucugê,BA,840
2922250,Muquém do São Francisco,BA,200
2926202,Riachão das Neves,BA,125000
2928208,Santana,BA,1685
2928406,Santa Rita de Cássia,BA,800
2928901,São Desidério,BA,404000
2930154,Serra do Ramalho,BA,4000
2930758,Sítio do Mato,BA,225
2930907,Tabocas do Brejo Velho,BA,1200
3100104,Abadia dos Dourados,MG,3500
3100203,Abaeté,MG,450
3100708,Água Comprida,MG,10000
3100807,Aguanil,MG,400
3101201,Aiuruoca,MG,250
3101607,Alfenas,MG,11000
3101904,Alpinópolis,MG,2700
3102001,Alterosa,MG,1200
3102605,Andradas,MG,500
3102803,Andrelândia,MG,1500
3102902,Antônio Carlos,MG,130
3103504,Araguari,MG,29000
3103751,Araporã,MG,1686
3103900,Araújos,MG,100
3104007,Araxá,MG,12500
3104106,Arceburgo,MG,80
3104205,Arcos,MG,4800
3104304,Areado,MG,1200
3104502,Arinos,MG,6000
3104908,Baependi,MG,350
3105004,Baldim,MG,570
3105103,Bambuí,MG,9000
3105301,Bandeira do Sul,MG,40
3107000,Biquinhas,MG,100
3107109,Boa Esperança,MG,4800
3107406,Bom Despacho,MG,7800
3107604,Bom Jesus da Penha,MG,3800
3108008,Bom Sucesso,MG,270
3108206,Bonfinópolis de Minas,MG,26000
3108305,Borda da Mata,MG,120
3108552,Brasilândia de Minas,MG,6000
3109303,Buritis,MG,90000
3109402,Buritizeiro,MG,22100
3109451,Cabeceira Grande,MG,22000
3109501,Cabo Verde,MG,570
3109808,Cachoeira Dourada,MG,8200
3110301,Caldas,MG,500
3110707,Cambuquira,MG,900
3110905,Campanha,MG,2500
3111002,Campestre,MG,1000
3111101,Campina Verde,MG,5500
3111200,Campo Belo,MG,400
3111309,Campo do Meio,MG,2000
3111408,Campo Florido,MG,23000
3111507,Campos Altos,MG,3800
3111606,Campos Gerais,MG,1800
3111804,Canápolis,MG,20000
3111903,Cana Verde,MG,100
3112000,Candeias,MG,1200
3112406,Capetinga,MG,1150
3112604,Capinópolis,MG,32427
3112802,Capitólio,MG,500
3113206,Carandaí,MG,600
3113602,Careaçu,MG,500
3113909,Carmo da Cachoeira,MG,1500
3114006,Carmo da Mata,MG,150
3114105,Carmo de Minas,MG,1200
3114303,Carmo do Paranaíba,MG,2300
3114402,Carmo do Rio Claro,MG,6700
3114600,Carrancas,MG,6500
3114709,Carvalhópolis,MG,75
3114907,Casa Grande,MG,180
3115003,Cascalho Rico,MG,1720
3115102,Cássia,MG,4100
3115201,Conceição da Barra de Minas,MG,200
3115805,Centralina,MG,10974
3116159,Chapada Gaúcha,MG,22500
3116605,Cláudio,MG,690
3116902,Comendador Gomes,MG,900
3117108,Conceição da Aparecida,MG,900
3117306,Conceição das Alagoas,MG,35000
3117702,Conceição do Rio Verde,MG,4000
3117801,Conceição dos Ouros,MG,190
3118205,Conquista,MG,12000
3118700,Coqueiral,MG,1650
3119005,Cordislândia,MG,3100
3119104,Corinto,MG,308
3119302,Coromandel,MG,64000
3119708,Coronel Xavier Chaves,MG,332
3119807,Córrego Danta,MG,100
3119955,Córrego Fundo,MG,800
3120201,Cristais,MG,4500
3120409,Cristiano Otoni,MG,350
3120706,Cruzeiro da Fortaleza,MG,3500
3120805,Cruzília,MG,1200
3121001,Datas,MG,40
3121209,Delfinópolis,MG,12800
3121258,Delta,MG,400
3122405,Divisa Nova,MG,1200
3122470,Dom Bosco,MG,1650
3123007,Dores de Campos,MG,200
3123205,Dores do Indaiá,MG,1200
3123502,Douradoquara,MG,650
3123601,Elói Mendes,MG,2000
3124708,Estrela do Indaiá,MG,550
3124807,Estrela do Sul,MG,4800
3125101,Extrema,MG,150
3125200,Fama,MG,100
3125705,Felixlândia,MG,225
3126109,Formiga,MG,16000
3126208,Formoso,MG,20000
3127008,Fronteira,MG,230
3127107,Frutal,MG,21700
3127909,Grupiara,MG,800
3128105,Guapé,MG,3400
3128303,Guaranésia,MG,350
3128600,Guarda-Mor,MG,79300
3128709,Guaxupé,MG,853
3128907,Guimarânia,MG,5500
3129103,Gurinhatã,MG,2000
3129202,Heliodora,MG,67
3129400,Ibertioga,MG,400
3129509,Ibiá,MG,50000
3129608,Ibiaí,MG,1069
3129707,Ibiraci,MG,600
3130002,Ibituruna,MG,10
3130309,Iguatama,MG,8875
3130408,Ijaci,MG,170
3130705,Indianópolis,MG,20500
3130804,Ingaí,MG,2800
3131000,Inhaúma,MG,360
3131406,Ipiaçu,MG,9998
3131604,Iraí de Minas,MG,4250
3132107,Itacarambi,MG,1492
3132206,Itaguara,MG,120
3132909,Itamogi,MG,30
3133402,Itapagipe,MG,1300
3133501,Itapecerica,MG,800
3133758,Itaú de Minas,MG,900
3134202,Ituiutaba,MG,26200
3134301,Itumirim,MG,400
3134400,Iturama,MG,3000
3134509,Itutinga,MG,3500
3134806,Jacuí,MG,1250
3135209,Januária,MG,290
3135308,Japaraíba,MG,200
3135605,Jequitaí,MG,500
3135902,Jesuânia,MG,20
3136306,João Pinheiro,MG,6500
3137106,Lagamar,MG,4000
3137205,Lagoa da Prata,MG,480
3137403,Lagoa Dourada,MG,2000
3137502,Lagoa Formosa,MG,10000
3137536,Lagoa Grande,MG,2500
3138104,Lassance,MG,610
3138203,Lavras,MG,840
3138302,Leandro Ferreira,MG,30
3138708,Luminárias,MG,3000
3139003,Machado,MG,5000
3139102,Madre de Deus de Minas,MG,10000
3140506,Martinho Campos,MG,2500
3140852,Matias Cardoso,MG,200
3141108,Matozinhos,MG,500
3141306,Medeiros,MG,6200
3141900,Minduri,MG,2750
3142601,Monsenhor Paulo,MG,1000
3142809,Monte Alegre de Minas,MG,37000
3143005,Monte Belo,MG,120
3143104,Monte Carmelo,MG,12000
3143203,Monte Santo de Minas,MG,600
3143401,Monte Sião,MG,267
3143500,Morada Nova de Minas,MG,4500
3143609,Morro da Garça,MG,330
3144375,Natalândia,MG,400
3144508,Nazareno,MG,1300
3144607,Nepomuceno,MG,1200
3145000,Nova Ponte,MG,28000
3145109,Nova Resende,MG,900
3145604,Oliveira,MG,100
3145802,Onça de Pitangui,MG,60
3146404,Paineiras,MG,23
3146503,Pains,MG,2300
3146909,Papagaios,MG,400
3147006,Paracatu,MG,125400
3147204,Paraguaçu,MG,4800
3147907,Passos,MG,14000
3148004,Patos de Minas,MG,24000
3148103,Patrocínio,MG,30500
3149101,Pedralva,MG,55
3149200,Pedrinópolis,MG,11500
3149804,Perdizes,MG,43000
3149903,Perdões,MG,350
3150307,Piedade do Rio Grande,MG,1200
3150505,Pimenta,MG,7000
3150703,Pirajuba,MG,12000
3151206,Pirapora,MG,400
3151503,Piumhi,MG,9000
3151602,Planura,MG,12300
3151701,Poço Fundo,MG,40
3151800,Poços de Caldas,MG,250
3152006,Pompéu,MG,1430
3152501,Pouso Alegre,MG,300
3152709,Prados,MG,300
3152808,Prata,MG,21300
3152907,Pratápolis,MG,4000
3153004,Pratinha,MG,1800
3153202,Presidente Juscelino,MG,47
3153400,Presidente Olegário,MG,17000
3153707,Quartel Geral,MG,60
3154200,Resende Costa,MG,350
3154408,Ressaquinha,MG,100
3154457,Riachinho,MG,5200
3155504,Rio Paranaíba,MG,8280
3156106,Ritápolis,MG,50
3156403,Romaria,MG,9600
3156908,Sacramento,MG,45000
3157708,Santa Juliana,MG,15000
3158300,Santana da Vargem,MG,1180
3158706,Santana do Garambéu,MG,90
3159209,Santa Rita de Caldas,MG,1300
3159605,Santa Rita do Sapucaí,MG,150
3159803,Santa Vitória,MG,3780
3159902,Santo Antônio do Amparo,MG,160
3160801,São Bento Abade,MG,1000
3161205,São Francisco de Paula,MG,90
3161304,São Francisco de Sales,MG,1500
3161700,São Gonçalo do Abaeté,MG,1300
3162005,São Gonçalo do Sapucaí,MG,3600
3162104,São Gotardo,MG,1500
3162203,São João Batista do Glória,MG,4500
3162500,São João del Rei,MG,7000
3162948,São José da Barra,MG,3000
3163201,São José do Alegre,MG,85
3163904,São Pedro da União,MG,1800
3164209,São Romão,MG,4532
3164308,São Roque de Minas,MG,3000
3164407,São Sebastião da Bela Vista,MG,250
3164704,São Sebastião do Paraíso,MG,550
3165107,São Tomás de Aquino,MG,350
3165206,São Tomé das Letras,MG,50
3165305,São Vicente de Minas,MG,2100
3166808,Serra do Salitre,MG,15000
3166907,Serrania,MG,600
3167004,Serranos,MG,200
3167202,Sete Lagoas,MG,100
3167400,Silvianópolis,MG,600
3167806,Soledade de Minas,MG,80
3168101,Tapira,MG,3500
3168200,Tapiraí,MG,500
3168903,Tiros,MG,1100
3169109,Toledo,MG,60
3169307,Três Corações,MG,11000
3169356,Três Marias,MG,930
3169406,Três Pontas,MG,2800
3169604,Tupaciguara,MG,36000
3169802,Turvolândia,MG,800
3170107,Uberaba,MG,85000
3170206,Uberlândia,MG,58000
3170404,Unaí,MG,180000
3170438,União de Minas,MG,300
3170479,Uruana de Minas,MG,3600
3170529,Urucuia,MG,1200
3170602,Vargem Bonita,MG,600
3170701,Varginha,MG,120
3170750,Varjão de Minas,MG,3000
3170800,Várzea da Palma,MG,1200
3171006,Vazante,MG,12500
3171030,Verdelândia,MG,70
3171105,Veríssimo,MG,2400
3500105,Adamantina,SP,450
3500204,Adolfo,SP,480
3500303,Aguaí,SP,3000
3500550,Águas de Santa Bárbara,SP,9900
3500709,Agudos,SP,675
3500758,Alambari,SP,2200
3500907,Altair,SP,1000
3501004,Altinópolis,SP,2240
3501103,Alto Alegre,SP,320
3501202,Álvares Florence,SP,1200
3501301,Álvares Machado,SP,50
3501400,Álvaro de Carvalho,SP,40
3501806,Américo de Campos,SP,1300
3501905,Amparo,SP,48
3502002,Analândia,SP,600
3502101,Andradina,SP,30
3502200,Angatuba,SP,7750
3502309,Anhembi,SP,230
3502408,Anhumas,SP,600
3502705,Apiaí,SP,2000
3502804,Araçatuba,SP,7600
3502903,Araçoiaba da Serra,SP,1100
3503000,Aramina,SP,1916
3503109,Arandu,SP,5900
3503208,Araraquara,SP,1500
3503307,Araras,SP,4000
3503406,Arealva,SP,986
3503604,Areiópolis,SP,50
3503703,Ariranha,SP,80
3503802,Artur Nogueira,SP,300
3504008,Assis,SP,8500
3504107,Atibaia,SP,1000
3504206,Auriflama,SP,250
3504404,Avanhandava,SP,400
3504503,Avaré,SP,13000
3504602,Bady Bassitt,SP,500
3504800,Bálsamo,SP,300
3505005,Barão de Antonina,SP,4000
3505104,Barbosa,SP,180
3505203,Bariri,SP,1600
3505302,Barra Bonita,SP,550
3505500,Barretos,SP,5200
3505609,Barrinha,SP,83
3505906,Batatais,SP,3800
3506102,Bebedouro,SP,2200
3506201,Bento de Abreu,SP,850
3506300,Bernardino de Campos,SP,4300
3506409,Bilac,SP,1426
3506508,Birigui,SP,11816
3506706,Boa Esperança do Sul,SP,800
3506805,Bocaina,SP,267
3507001,Boituva,SP,875
3507308,Boracéia,SP,695
3507407,Borborema,SP,450
3507456,Borebi,SP,455
3507506,Botucatu,SP,600
3507605,Bragança Paulista,SP,800
3507704,Braúna,SP,1050
3507753,Brejo Alegre,SP,3100
3507803,Brodowski,SP,350
3507902,Brotas,SP,3754
3508009,Buri,SP,22500
3508108,Buritama,SP,500
3508207,Buritizal,SP,1600
3508702,Caconde,SP,120
3508801,Cafelândia,SP,799
3509106,Caiuá,SP,200
3509304,Cajobi,SP,50
3509403,Cajuru,SP,400
3526506,Lavínia,SP,939
3509452,Campina do Monte Alegre,SP,4000
3509502,Campinas,SP,800
3509809,Campos Novos Paulista,SP,13800
3510005,Cândido Mota,SP,27000
3510153,Canitar,SP,1600
3510203,Capão Bonito,SP,22000
3510302,Capela do Alto,SP,700
3510401,Capivari,SP,90
3510708,Cardoso,SP,3655
3510807,Casa Branca,SP,12800
3510906,Cássia dos Coqueiros,SP,350
3511003,Castilho,SP,2000
3511102,Catanduva,SP,110
3511201,Catiguá,SP,150
3511300,Cedral,SP,300
3511409,Cerqueira César,SP,12000
3511508,Cerquilho,SP,400
3511607,Cesário Lange,SP,2100
3511904,Clementina,SP,120
3512001,Colina,SP,1100
3512100,Colômbia,SP,1300
3512209,Conchal,SP,3500
3512308,Conchas,SP,245
3512407,Cordeirópolis,SP,600
3512506,Coroados,SP,3775
3512605,Coronel Macedo,SP,10000
3512704,Corumbataí,SP,300
3512803,Cosmópolis,SP,140
3512902,Cosmorama,SP,300
3513207,Cristais Paulista,SP,600
3513306,Cruzália,SP,7680
3513702,Descalvado,SP,1000
3514007,Dobrada,SP,200
3514106,Dois Córregos,SP,1134
3514304,Dourado,SP,230
3514403,Dracena,SP,68
3514601,Dumont,SP,300
3514700,Echaporã,SP,3200
3514908,Elias Fausto,SP,200
3514924,Elisiário,SP,92
3514957,Embaúba,SP,45
3515129,Emilianópolis,SP,970
3515152,Engenheiro Coelho,SP,600
3515194,Espírito Santo do Turvo,SP,2300
3515202,Estrela d'Oeste,SP,80
3515301,Estrela do Norte,SP,100
3515350,Euclides da Cunha Paulista,SP,700
3515400,Fartura,SP,5000
3515509,Fernandópolis,SP,200
3515608,Fernando Prestes,SP,35
3515657,Fernão,SP,250
3515806,Flora Rica,SP,600
3515905,Floreal,SP,250
3516002,Flórida Paulista,SP,340
3516101,Florínea,SP,6950
3516200,Franca,SP,1000
3516507,Gabriel Monteiro,SP,470
3516606,Gália,SP,850
3516705,Garça,SP,1250
3516804,Gastão Vidigal,SP,500
3516853,Gavião Peixoto,SP,1400
3516903,General Salgado,SP,600
3517000,Getulina,SP,580
3517109,Glicério,SP,3500
3517208,Guaiçara,SP,395
3517307,Guaimbê,SP,800
3517406,Guaíra,SP,23700
3517505,Guapiaçu,SP,1100
3517604,Guapiara,SP,5000
3517703,Guará,SP,4228
3517901,Guaraci,SP,440
3518008,Guarani d'Oeste,SP,242
3518107,Guarantã,SP,20
3518206,Guararapes,SP,5000
3518404,Guaratinguetá,SP,56
3518503,Guareí,SP,2000
3518602,Guariba,SP,1320
3518859,Guatapará,SP,37
3518909,Guzolândia,SP,726
3519006,Herculândia,SP,460
3519055,Holambra,SP,600
3519105,Iacanga,SP,4000
3519204,Iacri,SP,1200
3519253,Iaras,SP,3554
3519303,Ibaté,SP,140
3519402,Ibirá,SP,600
3519501,Ibirarema,SP,13000
3519600,Ibitinga,SP,2000
3519709,Ibiúna,SP,280
3519808,Icém,SP,500
3519907,Iepê,SP,12000
3520103,Igarapava,SP,2190
3520442,Ilha Solteira,SP,840
3520509,Indaiatuba,SP,500
3520608,Indiana,SP,120
3520707,Indiaporã,SP,890
3520806,Inúbia Paulista,SP,220
3520905,Ipaussu,SP,1300
3521002,Iperó,SP,115
3521150,Ipiguá,SP,200
3521309,Ipuã,SP,10183
3521408,Iracemápolis,SP,500
3521507,Irapuã,SP,200
3521705,Itaberá,SP,41000
3521804,Itaí,SP,26440
3522000,Itaju,SP,1032
3522307,Itapetininga,SP,24000
3522406,Itapeva,SP,70000
3522604,Itapira,SP,1080
3522703,Itápolis,SP,5000
3522802,Itaporanga,SP,11200
3522901,Itapuí,SP,153
3523008,Itapura,SP,1552
3523206,Itararé,SP,20000
3523404,Itatiba,SP,60
3523503,Itatinga,SP,350
3523602,Itirapina,SP,300
3523701,Itirapuã,SP,140
3523800,Itobi,SP,1000
3524006,Itupeva,SP,30
3524105,Ituverava,SP,8531
3524204,Jaborandi,SP,1770
3524303,Jaboticabal,SP,3670
3524501,Jaci,SP,300
3524709,Jaguariúna,SP,120
3525102,Jardinópolis,SP,2000
3525300,Jaú,SP,4350
3525409,Jeriquara,SP,600
3525607,João Ramalho,SP,1700
3525706,José Bonifácio,SP,4500
3525854,Jumirim,SP,144
3526001,Junqueirópolis,SP,452
3526407,Laranjal Paulista,SP,150
3526704,Leme,SP,3000
3526803,Lençóis Paulista,SP,5500
3526902,Limeira,SP,1200
3527108,Lins,SP,360
3527207,Lorena,SP,20
3527256,Lourdes,SP,800
3527405,Lucélia,SP,800
3527504,Lucianópolis,SP,192
3527603,Luís Antônio,SP,1500
3527702,Luiziânia,SP,150
3527801,Lupércio,SP,1200
3527900,Lutécia,SP,4500
3528007,Macatuba,SP,1865
3528106,Macaubal,SP,300
3528205,Macedônia,SP,350
3528304,Magda,SP,900
3528403,Mairinque,SP,320
3528601,Manduri,SP,1870
3528700,Marabá Paulista,SP,968
3528809,Maracaí,SP,26935
3528858,Marapoama,SP,100
3528908,Mariápolis,SP,50
3529005,Marília,SP,800
3529203,Martinópolis,SP,3000
3529302,Matão,SP,3300
3529500,Mendonça,SP,200
3529609,Meridiano,SP,1000
3529658,Mesópolis,SP,480
3529708,Miguelópolis,SP,17830
3529807,Mineiros do Tietê,SP,1064
3530003,Mira Estrela,SP,100
3530102,Mirandópolis,SP,800
3530201,Mirante do Paranapanema,SP,3200
3530300,Mirassol,SP,850
3530409,Mirassolândia,SP,500
3530508,Mococa,SP,2000
3530706,Mogi Guaçu,SP,3000
3530805,Mogi Mirim,SP,3300
3530904,Mombuca,SP,45
3531001,Monções,SP,190
3531308,Monte Alto,SP,600
3531407,Monte Aprazível,SP,1000
3531506,Monte Azul Paulista,SP,350
3531605,Monte Castelo,SP,50
3531803,Monte Mor,SP,100
3531902,Morro Agudo,SP,11855
3532009,Morungaba,SP,101
3532058,Motuca,SP,720
3532108,Murutinga do Sul,SP,100
3532157,Nantes,SP,8000
3532207,Narandiba,SP,150
3532504,Neves Paulista,SP,1200
3532603,Nhandeara,SP,1200
3532702,Nipoã,SP,215
3532827,Nova Campina,SP,250
3532868,Nova Castilho,SP,850
3533007,Nova Granada,SP,1350
3533254,Novais,SP,500
3533304,Nova Luzitânia,SP,255
3533403,Nova Odessa,SP,30
3533502,Novo Horizonte,SP,700
3533601,Nuporanga,SP,4124
3533700,Ocauçu,SP,700
3533809,Óleo,SP,5890
3533908,Olímpia,SP,400
3534005,Onda Verde,SP,150
3534203,Orindiúva,SP,3500
3534302,Orlândia,SP,2100
3534500,Oscar Bressane,SP,150
3534609,Osvaldo Cruz,SP,200
3534708,Ourinhos,SP,3800
3534757,Ouroeste,SP,500
3534807,Ouro Verde,SP,244
3534906,Pacaembu,SP,250
3535002,Palestina,SP,2100
3535101,Palmares Paulista,SP,1000
3535200,Palmeira d'Oeste,SP,200
3535309,Palmital,SP,28110
3535507,Paraguaçu Paulista,SP,3800
3535705,Paraíso,SP,200
3535804,Paranapanema,SP,19500
3535903,Paranapuã,SP,200
3536000,Parapuã,SP,500
3536109,Pardinho,SP,700
3536257,Parisi,SP,100
3536307,Patrocínio Paulista,SP,1100
3536406,Paulicéia,SP,300
3536570,Paulistânia,SP,260
3536604,Paulo de Faria,SP,2900
3536703,Pederneiras,SP,3900
3536802,Pedra Bela,SP,300
3536901,Pedranópolis,SP,100
3537008,Pedregulho,SP,600
3537156,Pedrinhas Paulista,SP,8100
3537305,Penápolis,SP,4800
3537404,Pereira Barreto,SP,1490
3537701,Piacatu,SP,1700
3537800,Piedade,SP,200
3537909,Pilar do Sul,SP,9000
3538006,Pindamonhangaba,SP,820
3538105,Pindorama,SP,200
3538204,Pinhalzinho,SP,600
3538303,Piquerobi,SP,262
3538709,Piracicaba,SP,1200
3538808,Piraju,SP,9300
3538907,Pirajuí,SP,1750
3539004,Pirangi,SP,250
3539202,Pirapozinho,SP,600
3539301,Pirassununga,SP,6000
3539400,Piratininga,SP,290
3539509,Pitangueiras,SP,600
3539608,Planalto,SP,1200
3539707,Platina,SP,10310
3539905,Poloni,SP,100
3540002,Pompéia,SP,300
3540101,Pongaí,SP,130
3540200,Pontal,SP,1320
3540259,Pontalinda,SP,80
3540309,Pontes Gestal,SP,1200
3540408,Populina,SP,200
3540507,Porangaba,SP,160
3540606,Porto Feliz,SP,350
3540705,Porto Ferreira,SP,2400
3540754,Potim,SP,30
3540804,Potirendaba,SP,800
3540853,Pracinha,SP,170
3540903,Pradópolis,SP,2245
3541208,Presidente Bernardes,SP,2600
3541307,Presidente Epitácio,SP,320
3541604,Promissão,SP,2200
3541653,Quadra,SP,2000
3541703,Quatá,SP,1500
3541802,Queiroz,SP,100
3542008,Quintana,SP,2000
3542206,Rancharia,SP,21500
3542404,Regente Feijó,SP,1500
3542503,Reginópolis,SP,650
3542701,Restinga,SP,150
3543006,Ribeirão Branco,SP,600
3543105,Ribeirão Corrente,SP,200
3543204,Ribeirão do Sul,SP,12500
3543238,Ribeirão dos Índios,SP,786
3543253,Ribeirão Grande,SP,1600
3543402,Ribeirão Preto,SP,700
3543501,Riversul,SP,3800
3543600,Rifaina,SP,200
3543709,Rincão,SP,100
3543808,Rinópolis,SP,900
3543907,Rio Claro,SP,260
3544004,Rio das Pedras,SP,500
3544202,Riolândia,SP,2600
3544251,Rosana,SP,3900
3544301,Roseira,SP,150
3544400,Rubiácea,SP,354
3544509,Rubinéia,SP,120
3544608,Sabino,SP,930
3544707,Sagres,SP,90
3544806,Sales,SP,150
3544905,Sales Oliveira,SP,2350
3545100,Salmourão,SP,250
3545159,Saltinho,SP,14
3545209,Salto,SP,200
3545308,Salto de Pirapora,SP,1250
3545407,Salto Grande,SP,12200
3545506,Sandovalina,SP,1100
3545605,Santa Adélia,SP,500
3545803,Santa Bárbara d'Oeste,SP,200
3546108,Santa Clara d'Oeste,SP,120
3546207,Santa Cruz da Conceição,SP,550
3546256,Santa Cruz da Esperança,SP,200
3546306,Santa Cruz das Palmeiras,SP,1500
3546405,Santa Cruz do Rio Pardo,SP,31000
3546504,Santa Ernestina,SP,150
3546603,Santa Fé do Sul,SP,80
3546702,Santa Gertrudes,SP,100
3546900,Santa Lúcia,SP,400
3547007,Santa Maria da Serra,SP,1500
3547106,Santa Mercedes,SP,150
3547205,Santana da Ponte Pensa,SP,240
3547403,Santa Rita d'Oeste,SP,1300
3547502,Santa Rita do Passa Quatro,SP,250
3547601,Santa Rosa de Viterbo,SP,1300
3547650,Santa Salete,SP,20
3547700,Santo Anastácio,SP,4847
3547908,Santo Antônio da Alegria,SP,400
3548005,Santo Antônio de Posse,SP,200
3548054,Santo Antônio do Aracanguá,SP,7500
3548906,São Carlos,SP,1800
3549003,São Francisco,SP,130
3549102,São João da Boa Vista,SP,150
3549250,São João de Iracema,SP,250
3549409,São Joaquim da Barra,SP,3189
3549508,São José da Bela Vista,SP,1800
3549706,São José do Rio Pardo,SP,1030
3549805,São José do Rio Preto,SP,475
3550209,São Miguel Arcanjo,SP,9500
3550407,São Pedro,SP,100
3550506,São Pedro do Turvo,SP,14000
3550605,São Roque,SP,600
3550803,São Sebastião da Grama,SP,60
3551108,Sarapuí,SP,1400
3551207,Sarutaiá,SP,2000
3551306,Sebastianópolis do Sul,SP,250
3551405,Serra Azul,SP,800
3551504,Serrana,SP,200
3551603,Serra Negra,SP,280
3551702,Sertãozinho,SP,600
3551900,Severínia,SP,200
3552106,Socorro,SP,630
3552205,Sorocaba,SP,700
3552304,Sud Mennucci,SP,3558
3552403,Sumaré,SP,500
3552551,Suzanápolis,SP,442
3552601,Tabapuã,SP,320
3552700,Tabatinga,SP,2000
3552908,Taciba,SP,9000
3553005,Taguaí,SP,1850
3553104,Taiaçu,SP,150
3553203,Taiúva,SP,80
3553302,Tambaú,SP,700
3553401,Tanabi,SP,1500
3553609,Tapiratiba,SP,700
3553658,Taquaral,SP,100
3553708,Taquaritinga,SP,1700
3553807,Taquarituba,SP,22000
3553856,Taquarivaí,SP,10100
3553906,Tarabai,SP,100
3553955,Tarumã,SP,4600
3554003,Tatuí,SP,5000
3554102,Taubaté,SP,680
3554201,Tejupá,SP,2800
3554300,Teodoro Sampaio,SP,1718
3554409,Terra Roxa,SP,1500
3554508,Tietê,SP,100
3554607,Timburi,SP,700
3554706,Torrinha,SP,1630
3554755,Trabiju,SP,48
3554805,Tremembé,SP,100
3555000,Tupã,SP,880
3555109,Tupi Paulista,SP,300
3555208,Turiúba,SP,474
3555356,Ubarana,SP,480
3555505,Ubirajara,SP,600
3555604,Uchoa,SP,350
3555703,União Paulista,SP,350
3555901,Uru,SP,48
3556008,Urupês,SP,200
3556107,Valentim Gentil,SP,50
3556305,Valparaíso,SP,180
3556354,Vargem,SP,320
3556404,Vargem Grande do Sul,SP,800
3556800,Viradouro,SP,1500
3556909,Vista Alegre do Alto,SP,150
3556958,Vitória Brasil,SP,120
3557006,Votorantim,SP,405
3557105,Votuporanga,SP,300
3557154,Zacarias,SP,600
3557204,Chavantes,SP,2400
3557303,Estiva Gerbi,SP,250
4100103,Abatiá,PR,10220
4100301,Agudos do Sul,PR,1650
4100400,Almirante Tamandaré,PR,150
4100459,Altamira do Paraná,PR,1850
4100509,Altônia,PR,5500
4100608,Alto Paraná,PR,450
4100707,Alto Piquiri,PR,30000
4100806,Alvorada do Sul,PR,22370
4100905,Amaporã,PR,1779
4101002,Ampére,PR,8120
4101051,Anahy,PR,5284
4101101,Andirá,PR,13000
4101150,Ângulo,PR,6815
4101309,Antônio Olinto,PR,9000
4101408,Apucarana,PR,21000
4101507,Arapongas,PR,21700
4101606,Arapoti,PR,34900
4101655,Arapuã,PR,12000
4101705,Araruna,PR,26500
4101804,Araucária,PR,17000
4101853,Ariranha do Ivaí,PR,13000
4101903,Assaí,PR,27000
4102000,Assis Chateaubriand,PR,71905
4102109,Astorga,PR,22930
4102208,Atalaia,PR,6840
4102307,Balsa Nova,PR,15000
4102406,Bandeirantes,PR,18250
4102505,Barbosa Ferraz,PR,15000
4102604,Barracão,PR,2900
4102703,Barra do Jacaré,PR,5400
4102752,Bela Vista da Caroba,PR,4980
4102802,Bela Vista do Paraíso,PR,17000
4102901,Bituruna,PR,3200
4103008,Boa Esperança,PR,25200
4103024,Boa Esperança do Iguaçu,PR,4800
4103040,Boa Ventura de São Roque,PR,20600
4103057,Boa Vista da Aparecida,PR,4200
4103107,Bocaiúva do Sul,PR,30
4103156,Bom Jesus do Sul,PR,3950
4103206,Bom Sucesso,PR,5200
4103222,Bom Sucesso do Sul,PR,12400
4103305,Borrazópolis,PR,13200
4103354,Braganey,PR,17700
4103370,Brasilândia do Sul,PR,22800
4103404,Cafeara,PR,3935
4103453,Cafelândia,PR,23520
4103479,Cafezal do Sul,PR,11400
4103503,Califórnia,PR,7000
4103602,Cambará,PR,16900
4103701,Cambé,PR,37200
4103800,Cambira,PR,7300
4103909,Campina da Lagoa,PR,34300
4103958,Campina do Simão,PR,10850
4104055,Campo Bonito,PR,15725
4104105,Campo do Tenente,PR,10000
4104204,Campo Largo,PR,10300
4104253,Campo Magro,PR,4500
4104303,Campo Mourão,PR,50000
4104402,Cândido de Abreu,PR,22600
4104428,Candói,PR,47800
4104451,Cantagalo,PR,18700
4104501,Capanema,PR,17580
4104600,Capitão Leônidas Marques,PR,7400
4104659,Carambeí,PR,23959
4104709,Carlópolis,PR,2200
4104808,Cascavel,PR,86600
4104907,Castro,PR,62565
4105003,Catanduvas,PR,17550
4105102,Centenário do Sul,PR,13000
4105201,Cerro Azul,PR,750
4105300,Céu Azul,PR,17300
4105409,Chopinzinho,PR,28100
4105508,Cianorte,PR,12000
4105607,Cidade Gaúcha,PR,970
4105706,Clevelândia,PR,37900
4105904,Colorado,PR,1710
4106001,Congonhinhas,PR,16030
4106100,Conselheiro Mairinck,PR,7900
4106209,Contenda,PR,15200
4106308,Corbélia,PR,33675
4106407,Cornélio Procópio,PR,34840
4106456,Coronel Domingos Soares,PR,16500
4106506,Coronel Vivida,PR,29100
4106555,Corumbataí do Sul,PR,3200
4106571,Cruzeiro do Iguaçu,PR,4400
4106605,Cruzeiro do Oeste,PR,6000
4106704,Cruzeiro do Sul,PR,4500
4106803,Cruz Machado,PR,3500
4106852,Cruzmaltina,PR,10400
4107009,Curiúva,PR,7560
4107108,Diamante do Norte,PR,3783
4107124,Diamante do Sul,PR,2000
4107157,Diamante D'Oeste,PR,3950
4107207,Dois Vizinhos,PR,17630
4107256,Douradina,PR,1500
4107306,Doutor Camargo,PR,9500
4107405,Enéas Marques,PR,3200
4107504,Engenheiro Beltrão,PR,32000
4107520,Esperança Nova,PR,160
4107538,Entre Rios do Oeste,PR,5100
4107546,Espigão Alto do Iguaçu,PR,10000
4107553,Farol,PR,19672
4107603,Faxinal,PR,15000
4107652,Fazenda Rio Grande,PR,1800
4107702,Fênix,PR,15000
4107736,Fernandes Pinheiro,PR,14645
4107751,Figueira,PR,1600
4107801,Floraí,PR,12700
4107850,Flor da Serra do Sul,PR,6300
4107900,Floresta,PR,12800
4108007,Florestópolis,PR,8500
4108106,Flórida,PR,3500
4108205,Formosa do Oeste,PR,15950
4108304,Foz do Iguaçu,PR,10260
4108320,Francisco Alves,PR,19000
4108403,Francisco Beltrão,PR,20700
4108452,Foz do Jordão,PR,9900
4108502,General Carneiro,PR,3000
4108551,Godoy Moreira,PR,4000
4108601,Goioerê,PR,32000
4108650,Goioxim,PR,20600
4108700,Grandes Rios,PR,4000
4108809,Guaíra,PR,33790
4108957,Guamiranga,PR,7800
4109005,Guapirama,PR,6200
4109104,Guaporema,PR,1565
4109203,Guaraci,PR,4100
4109302,Guaraniaçu,PR,20800
4109401,Guarapuava,PR,76000
4109658,Honório Serpa,PR,21520
4109708,Ibaiti,PR,12300
4109757,Ibema,PR,5000
4109807,Ibiporã,PR,16660
4109906,Icaraíma,PR,716
4110003,Iguaraçu,PR,9500
4110052,Iguatu,PR,3571
4110078,Imbaú,PR,3050
4110102,Imbituva,PR,26000
4110201,Inácio Martins,PR,4000
4110300,Inajá,PR,1183
4110409,Indianópolis,PR,1600
4110508,Ipiranga,PR,29051
4110607,Iporã,PR,25700
4110656,Iracema do Oeste,PR,6420
4110706,Irati,PR,34000
4110805,Iretama,PR,12800
4110904,Itaguajé,PR,900
4110953,Itaipulândia,PR,9840
4111001,Itambaracá,PR,13300
4111100,Itambé,PR,17585
4111209,Itapejara d'Oeste,PR,15350
4111258,Itaperuçu,PR,255
4111308,Itaúna do Sul,PR,277
4111407,Ivaí,PR,15050
4111506,Ivaiporã,PR,19500
4111555,Ivaté,PR,720
4111605,Ivatuba,PR,8200
4111704,Jaboti,PR,5100
4111803,Jacarezinho,PR,5800
4111902,Jaguapitã,PR,12170
4112009,Jaguariaíva,PR,26200
4112108,Jandaia do Sul,PR,4100
4112207,Janiópolis,PR,21500
4112306,Japira,PR,6400
4112405,Japurá,PR,9050
4112504,Jardim Alegre,PR,10100
4112603,Jardim Olinda,PR,1620
4112702,Jataizinho,PR,8200
4112751,Jesuítas,PR,14440
4112801,Joaquim Távora,PR,2400
4112900,Jundiaí do Sul,PR,8700
4112959,Juranda,PR,27500
4113007,Jussara,PR,11850
4113106,Kaloré,PR,10600
4113205,Lapa,PR,58700
4113254,Laranjal,PR,2650
4113304,Laranjeiras do Sul,PR,20600
4113403,Leópolis,PR,21720
4113429,Lidianópolis,PR,5900
4113452,Lindoeste,PR,7166
4113502,Loanda,PR,700
4113601,Lobato,PR,6400
4113700,Londrina,PR,62000
4113734,Luiziana,PR,47600
4113759,Lunardelli,PR,5700
4113809,Lupionópolis,PR,6000
4113908,Mallet,PR,16500
4114005,Mamborê,PR,57000
4114104,Mandaguaçu,PR,12360
4114203,Mandaguari,PR,7000
4114302,Mandirituba,PR,550
4114351,Manfrinópolis,PR,920
4114401,Mangueirinha,PR,42250
4114500,Manoel Ribas,PR,26700
4114609,Marechal Cândido Rondon,PR,32050
4114708,Maria Helena,PR,350
4114807,Marialva,PR,27000
4114906,Marilândia do Sul,PR,21850
4115002,Marilena,PR,410
4115101,Mariluz,PR,18500
4115200,Maringá,PR,24500
4115309,Mariópolis,PR,13600
4115358,Maripá,PR,22500
4115408,Marmeleiro,PR,17020
4115457,Marquinho,PR,6500
4115507,Marumbi,PR,3300
4115606,Matelândia,PR,12400
4115739,Mato Rico,PR,10300
4115754,Mauá da Serra,PR,3700
4115804,Medianeira,PR,13700
4115853,Mercedes,PR,6800
4115903,Mirador,PR,2600
4116000,Miraselva,PR,615
4116059,Missal,PR,13430
4116109,Moreira Sales,PR,13000
4116307,Munhoz de Melo,PR,6229
4116406,Nossa Senhora das Graças,PR,1800
4116505,Nova Aliança do Ivaí,PR,250
4116604,Nova América da Colina,PR,5980
4116703,Nova Aurora,PR,34130
4116802,Nova Cantu,PR,24500
4116901,Nova Esperança,PR,6000
4116950,Nova Esperança do Sudoeste,PR,1950
4117008,Nova Fátima,PR,16220
4117057,Nova Laranjeiras,PR,10900
4117107,Nova Londrina,PR,250
4117206,Nova Olímpia,PR,220
4117214,Nova Santa Bárbara,PR,4570
4117222,Nova Santa Rosa,PR,13420
4117255,Nova Prata do Iguaçu,PR,16300
4117271,Nova Tebas,PR,10400
4117297,Novo Itacolomi,PR,3700
4117305,Ortigueira,PR,35250
4117404,Ourizona,PR,13017
4117453,Ouro Verde do Oeste,PR,12700
4117503,Paiçandu,PR,10000
4117602,Palmas,PR,31500
4117701,Palmeira,PR,51119
4117800,Palmital,PR,5200
4117909,Palotina,PR,45770
4118006,Paraíso do Norte,PR,4000
4118105,Paranacity,PR,2000
4118303,Paranapoema,PR,2430
4118402,Paranavaí,PR,400
4118451,Pato Bragado,PR,4905
4118501,Pato Branco,PR,28200
4118600,Paula Freitas,PR,17700
4118709,Paulo Frontin,PR,17200
4118808,Peabiru,PR,28300
4118857,Perobal,PR,15885
4118907,Pérola,PR,740
4119004,Pérola d'Oeste,PR,11730
4119103,Piên,PR,4490
4119202,Pinhalão,PR,3900
4119251,Pinhal de São Bento,PR,2100
4119301,Pinhão,PR,38600
4119400,Piraí do Sul,PR,37300
4119509,Piraquara,PR,190
4119608,Pitanga,PR,49000
4119657,Pitangueiras,PR,8000
4119707,Planaltina do Paraná,PR,500
4119806,Planalto,PR,14100
4119905,Ponta Grossa,PR,69743
4120002,Porecatu,PR,3500
4120101,Porto Amazonas,PR,6887
4120150,Porto Barreiro,PR,9400
4120200,Porto Rico,PR,150
4120309,Porto Vitória,PR,400
4120333,Prado Ferreira,PR,8445
4120358,Pranchita,PR,13350
4120408,Presidente Castelo Branco,PR,1975
4120507,Primeiro de Maio,PR,23400
4120606,Prudentópolis,PR,37600
4120655,Quarto Centenário,PR,27200
4120705,Quatiguá,PR,390
4120853,Quatro Pontes,PR,8000
4120903,Quedas do Iguaçu,PR,23400
4121000,Querência do Norte,PR,13000
4121109,Quinta do Sol,PR,22400
4121208,Quitandinha,PR,11180
4121257,Ramilândia,PR,3535
4121307,Rancho Alegre,PR,12930
4121356,Rancho Alegre D'Oeste,PR,19000
4121406,Realeza,PR,16400
4121505,Rebouças,PR,25000
4121604,Renascença,PR,24300
4121703,Reserva,PR,25350
4121752,Reserva do Iguaçu,PR,16200
4121802,Ribeirão Claro,PR,1800
4121901,Ribeirão do Pinhal,PR,12780
4122008,Rio Azul,PR,17000
4122107,Rio Bom,PR,6400
4122156,Rio Bonito do Iguaçu,PR,25800
4122172,Rio Branco do Ivaí,PR,7500
4122206,Rio Branco do Sul,PR,200
4122305,Rio Negro,PR,10100
4122404,Rolândia,PR,27260
4122503,Roncador,PR,36000
4122602,Rondon,PR,600
4122651,Rosário do Ivaí,PR,4300
4122701,Sabáudia,PR,9250
4122800,Salgado Filho,PR,2600
4122909,Salto do Itararé,PR,2900
4123006,Salto do Lontra,PR,12600
4123105,Santa Amélia,PR,3910
4123204,Santa Cecília do Pavão,PR,5850
4123303,Santa Cruz de Monte Castelo,PR,6500
4123402,Santa Fé,PR,8700
4123501,Santa Helena,PR,27800
4123600,Santa Inês,PR,1000
4123709,Santa Isabel do Ivaí,PR,4000
4123808,Santa Izabel do Oeste,PR,15600
4123824,Santa Lúcia,PR,4203
4123857,Santa Maria do Oeste,PR,16000
4123907,Santa Mariana,PR,30140
4123956,Santa Mônica,PR,3241
4124004,Santana do Itararé,PR,9800
4124020,Santa Tereza do Oeste,PR,18850
4124053,Santa Terezinha de Itaipu,PR,16530
4124103,Santo Antônio da Platina,PR,16600
4124202,Santo Antônio do Caiuá,PR,151
4124301,Santo Antônio do Paraíso,PR,7160
4124400,Santo Antônio do Sudoeste,PR,12800
4124509,Santo Inácio,PR,3887
4124608,São Carlos do Ivaí,PR,5500
4124707,São Jerônimo da Serra,PR,24350
4124806,São João,PR,22500
4125001,São João do Ivaí,PR,19500
4125100,São João do Triunfo,PR,6200
4125209,São Jorge d'Oeste,PR,10050
4125308,São Jorge do Ivaí,PR,26530
4125357,São Jorge do Patrocínio,PR,250
4125407,São José da Boa Vista,PR,16500
4125456,São José das Palmeiras,PR,2340
4125506,São José dos Pinhais,PR,1900
4125555,São Manoel do Paraná,PR,1350
4125605,São Mateus do Sul,PR,35000
4125704,São Miguel do Iguaçu,PR,47050
4125753,São Pedro do Iguaçu,PR,14200
4125803,São Pedro do Ivaí,PR,12500
4125902,São Pedro do Paraná,PR,558
4126009,São Sebastião da Amoreira,PR,13450
4126108,São Tomé,PR,2300
4126207,Sapopema,PR,3000
4126256,Sarandi,PR,6250
4126272,Saudade do Iguaçu,PR,3000
4126306,Sengés,PR,14050
4126355,Serranópolis do Iguaçu,PR,13105
4126405,Sertaneja,PR,32100
4126504,Sertanópolis,PR,29700
4126603,Siqueira Campos,PR,5300
4126652,Sulina,PR,5350
4126678,Tamarana,PR,18700
4126702,Tamboara,PR,300
4126900,Tapira,PR,1420
4127007,Teixeira Soares,PR,40000
4127106,Telêmaco Borba,PR,500
4127205,Terra Boa,PR,12000
4127304,Terra Rica,PR,502
4127403,Terra Roxa,PR,55000
4127502,Tibagi,PR,99700
4127601,Tijucas do Sul,PR,4530
4127700,Toledo,PR,70400
4127809,Tomazina,PR,12100
4127858,Três Barras do Paraná,PR,13350
4127908,Tuneiras do Oeste,PR,10500
4127957,Tupãssi,PR,22900
4127965,Turvo,PR,16000
4128005,Ubiratã,PR,54000
4128104,Umuarama,PR,3530
4128203,União da Vitória,PR,4500
4128302,Uniflor,PR,3410
4128401,Uraí,PR,11720
4128500,Wenceslau Braz,PR,18700
4128534,Ventania,PR,19350
4128559,Vera Cruz do Oeste,PR,19200
4128609,Verê,PR,17800
4128625,Alto Paraíso,PR,710
4128633,Doutor Ulysses,PR,800
4128658,Virmond,PR,9100
4128708,Vitorino,PR,20500
4128807,Xambrê,PR,570
4200051,Abdon Batista,SC,2000
4200101,Abelardo Luz,SC,41000
4200200,Agrolândia,SC,800
4200309,Agronômica,SC,1300
4200408,Água Doce,SC,17600
4200507,Águas de Chapecó,SC,1300
4200556,Águas Frias,SC,710
4200754,Alto Bela Vista,SC,200
4200804,Anchieta,SC,800
4201000,Anita Garibaldi,SC,3000
4201273,Arabutã,SC,50
4201406,Araranguá,SC,280
4201604,Arroio Trinta,SC,150
4201653,Arvoredo,SC,100
4201802,Atalanta,SC,1250
4201901,Aurora,SC,650
4202081,Bandeirante,SC,700
4202099,Barra Bonita,SC,171
4202131,Bela Vista do Toldo,SC,6700
4202156,Belmonte,SC,1200
4202438,Bocaina do Sul,SC,1500
4202537,Bom Jesus,SC,3100
4202578,Bom Jesus do Oeste,SC,2110
4202602,Bom Retiro,SC,8600
4202859,Braço do Trombudo,SC,95
4202875,Brunópolis,SC,8300
4203006,Caçador,SC,2200
4203105,Caibi,SC,1200
4203154,Calmon,SC,1100
4203253,Capão Alto,SC,6200
4203303,Campo Alegre,SC,2500
4203402,Campo Belo do Sul,SC,11500
4203501,Campo Erê,SC,19000
4203600,Campos Novos,SC,57000
4203808,Canoinhas,SC,25500
4203907,Capinzal,SC,4700
4203956,Capivari de Baixo,SC,145
4204004,Catanduvas,SC,400
4204103,Caxambu do Sul,SC,3300
4204152,Celso Ramos,SC,900
4204178,Cerro Negro,SC,4800
4204194,Chapadão do Lageado,SC,640
4204202,Chapecó,SC,13200
4204251,Cocal do Sul,SC,30
4204301,Concórdia,SC,1700
4204350,Cordilheira Alta,SC,390
4204400,Coronel Freitas,SC,2090
4204459,Coronel Martins,SC,2200
4204558,Correia Pinto,SC,3540
4204608,Criciúma,SC,1300
4204707,Cunha Porã,SC,4400
4204756,Cunhataí,SC,330
4204806,Curitibanos,SC,15000
4204905,Descanso,SC,2300
4205001,Dionísio Cerqueira,SC,7200
4205100,Dona Emma,SC,70
4205159,Doutor Pedrinho,SC,88
4205175,Entre Rios,SC,1300
4205191,Ermo,SC,70
4205209,Erval Velho,SC,1800
4205308,Faxinal dos Guedes,SC,12100
4205357,Flor do Sertão,SC,600
4205431,Formosa do Sul,SC,370
4205456,Forquilhinha,SC,1200
4205506,Fraiburgo,SC,5500
4205555,Frei Rogério,SC,3500
4205605,Galvão,SC,4200
4206207,Gravatal,SC,70
4206405,Guaraciaba,SC,5000
4206603,Guarujá do Sul,SC,1110
4206652,Guatambú,SC,4200
4206702,Herval d'Oeste,SC,400
4206751,Ibiam,SC,355
4206801,Ibicaré,SC,200
4207007,Içara,SC,1200
4207205,Imaruí,SC,55
4207304,Imbituba,SC,9
4207403,Imbuia,SC,250
4207577,Iomerê,SC,450
4207601,Ipira,SC,175
4207650,Iporã do Oeste,SC,1250
4207684,Ipuaçu,SC,9200
4207700,Ipumirim,SC,250
4207759,Iraceminha,SC,3100
4207809,Irani,SC,2600
4207858,Irati,SC,990
4207908,Irineópolis,SC,12500
4208005,Itá,SC,350
4208104,Itaiópolis,SC,19500
4208401,Itapiranga,SC,1170
4208500,Ituporanga,SC,3850
4208609,Jaborá,SC,500
4208807,Jaguaruna,SC,100
4208955,Jardinópolis,SC,600
4209003,Joaçaba,SC,550
4209177,Jupiá,SC,2200
4209201,Lacerdópolis,SC,60
4209300,Lages,SC,12000
4209458,Lajeado Grande,SC,2700
4209508,Laurentino,SC,31
4209706,Lebon Régis,SC,3300
4209854,Lindóia do Sul,SC,230
4209904,Lontras,SC,100
4210035,Luzerna,SC,420
4210100,Mafra,SC,30000
4210308,Major Vieira,SC,11800
4210506,Maravilha,SC,4100
4210555,Marema,SC,800
4210704,Matos Costa,SC,300
4210803,Meleiro,SC,50
4210902,Modelo,SC,1850
4211009,Mondaí,SC,550
4211058,Monte Carlo,SC,2300
4211108,Monte Castelo,SC,5150
4211207,Morro da Fumaça,SC,380
4211405,Nova Erechim,SC,1100
4211454,Nova Itaberaba,SC,750
4211652,Novo Horizonte,SC,3800
4211751,Otacílio Costa,SC,8000
4211801,Ouro,SC,550
4211850,Ouro Verde,SC,11000
4211876,Paial,SC,115
4211892,Painel,SC,700
4212007,Palma Sola,SC,9700
4212056,Palmeira,SC,1640
4212106,Palmitos,SC,3300
4212205,Papanduva,SC,16300
4212239,Paraíso,SC,2000
4212270,Passos Maia,SC,5800
4212601,Peritiba,SC,100
4212700,Petrolândia,SC,1100
4212908,Pinhalzinho,SC,2800
4213005,Pinheiro Preto,SC,55
4213104,Piratuba,SC,570
4213153,Planalto Alegre,SC,450
4213302,Ponte Alta,SC,3000
4213351,Ponte Alta do Norte,SC,750
4213401,Ponte Serrada,SC,4880
4213609,Porto União,SC,7100
4213708,Pouso Redondo,SC,250
4213906,Presidente Castello Branco,SC,30
4214003,Presidente Getúlio,SC,350
4214151,Princesa,SC,570
4214201,Quilombo,SC,5500
4214409,Rio das Antas,SC,1800
4214508,Rio do Campo,SC,850
4214607,Rio do Oeste,SC,100
4214706,Rio dos Cedros,SC,47
4214805,Rio do Sul,SC,450
4215000,Rio Negrinho,SC,12000
4215059,Rio Rufino,SC,200
4215075,Riqueza,SC,600
4215208,Romelândia,SC,280
4215307,Salete,SC,250
4215356,Saltinho,SC,920
4215406,Salto Veloso,SC,50
4215505,Santa Cecília,SC,2971
4215554,Santa Helena,SC,450
4215679,Santa Terezinha,SC,4000
4215687,Santa Terezinha do Progresso,SC,250
4215695,Santiago do Sul,SC,1100
4215752,São Bernardino,SC,1400
4215802,São Bento do Sul,SC,1000
4216008,São Carlos,SC,810
4216057,São Cristóvão do Sul,SC,225
4216107,São Domingos,SC,20000
4216255,São João do Oeste,SC,135
4216701,São José do Cedro,SC,2750
4216800,São José do Cerrito,SC,7500
4216909,São Lourenço do Oeste,SC,3600
4217154,São Miguel da Boa Vista,SC,400
4217204,São Miguel do Oeste,SC,850
4217303,Saudades,SC,3200
4217501,Seara,SC,230
4217550,Serra Alta,SC,1500
4217709,Sombrio,SC,25
4217758,Sul Brasil,SC,350
4217808,Taió,SC,800
4217907,Tangará,SC,3000
4217956,Tigrinhos,SC,1050
4218251,Timbó Grande,SC,500
4218301,Três Barras,SC,7000
4218400,Treze de Maio,SC,73
4218509,Treze Tílias,SC,400
4218608,Trombudo Central,SC,410
4218707,Tubarão,SC,900
4218756,Tunápolis,SC,310
4218806,Turvo,SC,50
4218855,União do Oeste,SC,1400
4219002,Urussanga,SC,60
4219101,Vargeão,SC,5750
4219150,Vargem,SC,3200
4219176,Vargem Bonita,SC,1000
4219200,Vidal Ramos,SC,700
4219309,Videira,SC,2120
4219358,Vitor Meireles,SC,660
4219408,Witmarsum,SC,150
4219507,Xanxerê,SC,9350
4219606,Xavantina,SC,110
4219705,Xaxim,SC,4500
4219853,Zortéa,SC,5300
4300034,Aceguá,RS,25000
4300059,Água Santa,RS,14500
4300109,Agudo,RS,1000
4300208,Ajuricaba,RS,20000
4300307,Alecrim,RS,2200
4300406,Alegrete,RS,60000
4300455,Alegria,RS,7432
4300471,Almirante Tamandaré do Sul,RS,16640
4300505,Alpestre,RS,1400
4300554,Alto Alegre,RS,6000
4300638,Amaral Ferrador,RS,2000
4300646,Ametista do Sul,RS,600
4300661,André da Rocha,RS,18000
4300703,Anta Gorda,RS,450
4300851,Arambaré,RS,9160
4300901,Aratiba,RS,1200
4301008,Arroio do Meio,RS,1100
4301073,Arroio do Padre,RS,500
4301107,Arroio dos Ratos,RS,3800
4301206,Arroio do Tigre,RS,9300
4301305,Arroio Grande,RS,47120
4301404,Arvorezinha,RS,1750
4301503,Augusto Pestana,RS,19700
4301552,Áurea,RS,6300
4301602,Bagé,RS,40000
4301636,Balneário Pinhal,RS,28
4301701,Barão de Cotegipe,RS,6413
4301750,Barão do Triunfo,RS,850
4301800,Barracão,RS,26000
4301859,Barra do Guarita,RS,1850
4301875,Barra do Quaraí,RS,1385
4301909,Barra do Ribeiro,RS,6920
4301925,Barra do Rio Azul,RS,1300
4301958,Barra Funda,RS,3400
4302006,Barros Cassal,RS,9000
4302055,Benjamin Constant do Sul,RS,1415
4302154,Boa Vista das Missões,RS,14800
4302204,Boa Vista do Buricá,RS,2650
4302220,Boa Vista do Cadeado,RS,41200
4302238,Boa Vista do Incra,RS,32700
4302303,Bom Jesus,RS,9000
4302378,Bom Progresso,RS,4400
4302402,Bom Retiro do Sul,RS,420
4302451,Boqueirão do Leão,RS,1100
4302501,Bossoroca,RS,50000
4302584,Bozano,RS,13690
4302600,Braga,RS,7800
4302709,Butiá,RS,11000
4302808,Caçapava do Sul,RS,24000
4302907,Cacequi,RS,38000
4303004,Cachoeira do Sul,RS,105800
4303202,Cacique Doble,RS,9150
4303301,Caibaté,RS,16320
4303400,Caiçara,RS,3500
4303509,Camaquã,RS,28000
4303558,Camargo,RS,6000
4303608,Cambará do Sul,RS,550
4303673,Campestre da Serra,RS,8000
4303707,Campina das Missões,RS,6114
4303806,Campinas do Sul,RS,15800
4304002,Campo Novo,RS,11500
4304101,Campos Borges,RS,9100
4304200,Candelária,RS,19500
4304309,Cândido Godói,RS,8800
4304358,Candiota,RS,19000
4304507,Canguçu,RS,45000
4304606,Canoas,RS,80
4304622,Capão Bonito do Sul,RS,26000
4304655,Capão do Cipó,RS,63510
4304663,Capão do Leão,RS,9610
4304671,Capivari do Sul,RS,7050
4304689,Capela de Santana,RS,200
4304705,Carazinho,RS,39820
4304713,Caraá,RS,60
4304853,Carlos Gomes,RS,3400
4304903,Casca,RS,8700
4304952,Caseiros,RS,8000
4305009,Catuípe,RS,34800
4305108,Caxias do Sul,RS,350
4305116,Centenário,RS,6500
4305124,Cerrito,RS,6800
4305132,Cerro Branco,RS,1300
4305157,Cerro Grande,RS,3200
4305173,Cerro Grande do Sul,RS,170
4305207,Cerro Largo,RS,4700
4305306,Chapada,RS,39000
4305355,Charqueadas,RS,4750
4305371,Charrua,RS,9470
4305405,Chiapetta,RS,25500
4305439,Chuí,RS,2200
4305447,Chuvisca,RS,20
4305454,Cidreira,RS,80
4305504,Ciríaco,RS,13000
4305587,Colinas,RS,500
4305603,Colorado,RS,17600
4305702,Condor,RS,29400
4305801,Constantina,RS,12500
4305835,Coqueiro Baixo,RS,28
4305850,Coqueiros do Sul,RS,15000
4305871,Coronel Barros,RS,11000
4305900,Coronel Bicaco,RS,36000
4305959,Cotiporã,RS,240
4305975,Coxilha,RS,32000
4306007,Crissiumal,RS,12000
4306056,Cristal,RS,12000
4306072,Cristal do Sul,RS,4900
4306106,Cruz Alta,RS,91500
4306130,Cruzaltense,RS,7350
4306205,Cruzeiro do Sul,RS,3200
4306304,David Canabarro,RS,7000
4306320,Derrubadas,RS,10000
4306353,Dezesseis de Novembro,RS,1270
4306379,Dilermando de Aguiar,RS,25000
4306429,Dois Irmãos das Missões,RS,15500
4306452,Dois Lajeados,RS,1200
4306502,Dom Feliciano,RS,1440
4306601,Dom Pedrito,RS,130000
4306700,Dona Francisca,RS,520
4306734,Doutor Maurício Cardoso,RS,13750
4306759,Doutor Ricardo,RS,200
4306767,Eldorado do Sul,RS,2000
4306809,Encantado,RS,360
4306908,Encruzilhada do Sul,RS,44100
4306924,Engenho Velho,RS,5500
4306932,Entre-Ijuís,RS,32800
4306957,Entre Rios do Sul,RS,5400
4306973,Erebango,RS,10500
4307005,Erechim,RS,10050
4307054,Ernestina,RS,17100
4307104,Herval,RS,13000
4307203,Erval Grande,RS,3000
4307302,Erval Seco,RS,14000
4307401,Esmeralda,RS,29000
4307450,Esperança do Sul,RS,4700
4307500,Espumoso,RS,51830
4307559,Estação,RS,5750
4307807,Estrela,RS,1800
4307815,Estrela Velha,RS,12750
4307831,Eugênio de Castro,RS,28100
4307864,Fagundes Varela,RS,1100
4308003,Faxinal do Soturno,RS,1800
4308052,Faxinalzinho,RS,5500
4308078,Fazenda Vilanova,RS,600
4308250,Floriano Peixoto,RS,6200
4308300,Fontoura Xavier,RS,5000
4308409,Formigueiro,RS,12000
4308433,Forquetinha,RS,320
4308458,Fortaleza dos Valos,RS,36840
4308508,Frederico Westphalen,RS,7200
4308656,Garruchos,RS,18920
4308706,Gaurama,RS,8200
4308805,General Câmara,RS,9500
4308854,Gentil,RS,10500
4308904,Getúlio Vargas,RS,14700
4309001,Giruá,RS,61100
4309050,Glorinha,RS,1500
4309126,Gramado dos Loureiros,RS,6100
4309159,Gramado Xavier,RS,3500
4309209,Gravataí,RS,500
4309258,Guabiju,RS,6000
4309308,Guaíba,RS,1000
4309407,Guaporé,RS,4500
4309506,Guarani das Missões,RS,15000
4309571,Herveiras,RS,400
4309605,Horizontina,RS,12000
4309654,Hulha Negra,RS,15500
4309704,Humaitá,RS,7000
4309753,Ibarama,RS,950
4309803,Ibiaçá,RS,20500
4309902,Ibiraiaras,RS,10600
4309951,Ibirapuitã,RS,16850
4310009,Ibirubá,RS,42300
4310108,Igrejinha,RS,7
4310207,Ijuí,RS,40000
4310306,Ilópolis,RS,100
4310363,Imigrante,RS,120
4310405,Independência,RS,21500
4310413,Inhacorá,RS,6100
4310439,Ipê,RS,8500
4310462,Ipiranga do Sul,RS,10500
4310538,Itaara,RS,3100
4310553,Itacurubi,RS,21500
4310579,Itapuca,RS,5000
4310603,Itaqui,RS,45000
4310702,Itatiba do Sul,RS,1000
4310751,Ivorá,RS,3650
4310850,Jaboticaba,RS,6300
4310876,Jacuizinho,RS,18100
4310900,Jacutinga,RS,12500
4311007,Jaguarão,RS,45000
4311106,Jaguari,RS,10700
4311122,Jaquirana,RS,580
4311130,Jari,RS,49000
4311155,Jóia,RS,81000
4311205,Júlio de Castilhos,RS,100000
4311239,Lagoa Bonita do Sul,RS,1400
4311254,Lagoão,RS,8200
4311270,Lagoa dos Três Cantos,RS,9730
4311304,Lagoa Vermelha,RS,46500
4311403,Lajeado,RS,600
4311429,Lajeado do Bugre,RS,3000
4311502,Lavras do Sul,RS,35000
4311601,Liberato Salzano,RS,6800
4311700,Machadinho,RS,12000
4311718,Maçambará,RS,38360
4311759,Manoel Viana,RS,46000
4311809,Marau,RS,39500
4311908,Marcelino Ramos,RS,3100
4312005,Mariano Moro,RS,1450
4312054,Marques de Souza,RS,360
4312104,Mata,RS,3102
4312138,Mato Castelhano,RS,11000
4312153,Mato Leitão,RS,600
4312179,Mato Queimado,RS,6075
4312203,Maximiliano de Almeida,RS,7250
4312252,Minas do Leão,RS,10000
4312302,Miraguaí,RS,5400
4312351,Montauri,RS,3300
4312377,Monte Alegre dos Campos,RS,2800
4312427,Mormaço,RS,9000
4312450,Morro Redondo,RS,2000
4312500,Mostardas,RS,7064
4312609,Muçum,RS,650
4312617,Muitos Capões,RS,50000
4312625,Muliterno,RS,3900
4312658,Não-Me-Toque,RS,22370
4312674,Nicolau Vergueiro,RS,10350
4312708,Nonoai,RS,15000
4312757,Nova Alvorada,RS,5000
4312807,Nova Araçá,RS,640
4312906,Nova Bassano,RS,2500
4312955,Nova Boa Vista,RS,4500
4313011,Nova Candelária,RS,2600
4313037,Nova Esperança do Sul,RS,4350
4313060,Nova Hartz,RS,10
4313102,Nova Palma,RS,10000
4313300,Nova Prata,RS,3500
4313334,Nova Ramada,RS,15080
4313359,Nova Roma do Sul,RS,35
4313391,Novo Cabrais,RS,6500
4313409,Novo Hamburgo,RS,150
4313425,Novo Machado,RS,11100
4313441,Novo Tiradentes,RS,2500
4313466,Novo Xingu,RS,3600
4313490,Novo Barreiro,RS,4500
4313508,Osório,RS,2000
4313607,Paim Filho,RS,5400
4313656,Palmares do Sul,RS,8000
4313706,Palmeira das Missões,RS,105000
4313805,Palmitinho,RS,650
4313904,Panambi,RS,26000
4313953,Pantano Grande,RS,21300
4314001,Paraí,RS,1400
4314027,Paraíso do Sul,RS,3000
4314050,Parobé,RS,50
4314068,Passa Sete,RS,5100
4314076,Passo do Sobrado,RS,8100
4314100,Passo Fundo,RS,41000
4314134,Paulo Bento,RS,6150
4314159,Paverama,RS,700
4314175,Pedras Altas,RS,44200
4314209,Pedro Osório,RS,10500
4314308,Pejuçara,RS,30000
4314407,Pelotas,RS,22000
4314456,Pinhal,RS,1000
4314464,Pinhal da Serra,RS,7000
4314472,Pinhal Grande,RS,20900
4314498,Pinheirinho do Vale,RS,1000
4314506,Pinheiro Machado,RS,6800
4314555,Pirapó,RS,6800
4314605,Piratini,RS,40000
4314704,Planalto,RS,2500
4314779,Pontão,RS,33500
4314787,Ponte Preta,RS,4700
4314803,Portão,RS,450
4314902,Porto Alegre,RS,398
4315008,Porto Lucena,RS,4104
4315057,Porto Mauá,RS,3200
4315073,Porto Vera Cruz,RS,500
4315107,Porto Xavier,RS,1300
4315131,Pouso Novo,RS,30
4315156,Progresso,RS,96
4315172,Protásio Alves,RS,1540
4315206,Putinga,RS,400
4315305,Quaraí,RS,600
4315313,Quatro Irmãos,RS,13000
4315321,Quevedos,RS,27500
4315354,Quinze de Novembro,RS,10000
4315404,Redentora,RS,12800
4315453,Relvado,RS,180
4315503,Restinga Sêca,RS,25750
4315552,Rio dos Índios,RS,8000
4315602,Rio Grande,RS,12907
4315701,Rio Pardo,RS,70000
4315800,Roca Sales,RS,1950
4315909,Rodeio Bonito,RS,3500
4315958,Rolador,RS,14300
4316006,Rolante,RS,2
4316105,Ronda Alta,RS,26000
4316204,Rondinha,RS,11500
4316303,Roque Gonzales,RS,7560
4316402,Rosário do Sul,RS,40000
4316428,Sagrada Família,RS,3500
4316436,Saldanha Marinho,RS,13666
4316451,Salto do Jacuí,RS,26000
4316477,Salvador das Missões,RS,3500
4316600,Sananduva,RS,23000
4316709,Santa Bárbara do Sul,RS,76000
4316733,Santa Cecília do Sul,RS,8600
4316758,Santa Clara do Sul,RS,900
4316808,Santa Cruz do Sul,RS,3200
4316907,Santa Maria,RS,49800
4316956,Santa Maria do Herval,RS,15
4316972,Santa Margarida do Sul,RS,36000
4317004,Santana da Boa Vista,RS,37000
4317103,Sant'Ana do Livramento,RS,55000
4317202,Santa Rosa,RS,19500
4317301,Santa Vitória do Palmar,RS,36209
4317400,Santiago,RS,52000
4317509,Santo Ângelo,RS,36300
4317558,Santo Antônio do Palma,RS,4000
4317608,Santo Antônio da Patrulha,RS,5000
4317707,Santo Antônio das Missões,RS,53000
4317756,Santo Antônio do Planalto,RS,13800
4317806,Santo Augusto,RS,31200
4317905,Santo Cristo,RS,7315
4317954,Santo Expedito do Sul,RS,5600
4318002,São Borja,RS,70000
4318051,São Domingos do Sul,RS,1700
4318101,São Francisco de Assis,RS,56000
4318200,São Francisco de Paula,RS,7500
4318309,São Gabriel,RS,130000
4318408,São Jerônimo,RS,4500
4318424,São João da Urtiga,RS,6100
4318432,São João do Polêsine,RS,700
4318440,São Jorge,RS,2150
4318457,São José das Missões,RS,4500
4318465,São José do Herval,RS,270
4318499,São José do Inhacorá,RS,2000
4318606,São José do Ouro,RS,19600
4318622,São José dos Ausentes,RS,110
4318804,São Lourenço do Sul,RS,46000
4318903,São Luiz Gonzaga,RS,75650
4319109,São Martinho,RS,11600
4319125,São Martinho da Serra,RS,31800
4319158,São Miguel das Missões,RS,70000
4319208,São Nicolau,RS,18100
4319307,São Paulo das Missões,RS,3600
4319364,São Pedro das Missões,RS,5500
4319372,São Pedro do Butiá,RS,4200
4319406,São Pedro do Sul,RS,16200
4319604,São Sepé,RS,67000
4319703,São Valentim,RS,3500
4319711,São Valentim do Sul,RS,930
4319737,São Valério do Sul,RS,5100
4319802,São Vicente do Sul,RS,33000
4320107,Sarandi,RS,17850
4320206,Seberi,RS,10000
4320230,Sede Nova,RS,6350
4320263,Segredo,RS,5450
4320305,Selbach,RS,10000
4320321,Senador Salgado Filho,RS,8045
4320354,Sentinela do Sul,RS,1100
4320404,Serafina Corrêa,RS,3600
4320453,Sério,RS,6
4320503,Sertão,RS,32000
4320552,Sertão Santana,RS,500
4320578,Sete de Setembro,RS,6580
4320602,Severiano de Almeida,RS,3700
4320651,Silveira Martins,RS,4500
4320677,Sinimbu,RS,1150
4320701,Sobradinho,RS,2350
4320800,Soledade,RS,45000
4320909,Tapejara,RS,14200
4321006,Tapera,RS,13500
4321105,Tapes,RS,13500
4321204,Taquara,RS,30
4321303,Taquari,RS,200
4321329,Taquaruçu do Sul,RS,2600
4321352,Tavares,RS,504
4321402,Tenente Portela,RS,14000
4321451,Teutônia,RS,550
4321469,Tio Hugo,RS,6950
4321477,Tiradentes do Sul,RS,5200
4321493,Toropi,RS,2450
4321600,Tramandaí,RS,5
4321626,Travesseiro,RS,225
4321634,Três Arroios,RS,3150
4321808,Três de Maio,RS,20000
4321857,Três Palmeiras,RS,6800
4321907,Três Passos,RS,9000
4321956,Trindade do Sul,RS,10400
4322004,Triunfo,RS,1300
4322103,Tucunduva,RS,10500
4322152,Tunas,RS,6200
4322186,Tupanci do Sul,RS,6250
4322202,Tupanciretã,RS,149100
4322301,Tuparendi,RS,12529
4322327,Turuçu,RS,5500
4322343,Ubiretama,RS,5100
4322350,União da Serra,RS,3000
4322376,Unistalda,RS,12000
4322400,Uruguaiana,RS,2427
4322509,Vacaria,RS,58000
4322525,Vale Verde,RS,7000
4322533,Vale do Sol,RS,780
4322558,Vanini,RS,1850
4322608,Venâncio Aires,RS,4650
4322707,Vera Cruz,RS,700
4322806,Veranópolis,RS,950
4322855,Vespasiano Corrêa,RS,2150
4322905,Viadutos,RS,10000
4323002,Viamão,RS,5942
4323101,Vicente Dutra,RS,4000
4323200,Victor Graeff,RS,15000
4323309,Vila Flores,RS,800
4323358,Vila Lângaro,RS,7600
4323408,Vila Maria,RS,8000
4323457,Vila Nova do Sul,RS,13000
4323507,Vista Alegre,RS,1500
4323606,Vista Alegre do Prata,RS,1300
4323705,Vista Gaúcha,RS,3500
4323754,Vitória das Missões,RS,10687
4323770,Westfália,RS,50
5000203,Água Clara,MS,3097
5000252,Alcinópolis,MS,8000
5000609,Amambai,MS,102000
5000708,Anastácio,MS,10716
5000807,Anaurilândia,MS,25720
5000856,Angélica,MS,12935
5000906,Antônio João,MS,45000
5001003,Aparecida do Taboado,MS,2896
5001243,Aral Moreira,MS,115000
5001508,Bandeirantes,MS,85000
5001904,Bataguassu,MS,8108
5002001,Batayporã,MS,25000
5002100,Bela Vista,MS,41368
5002159,Bodoquena,MS,7260
5002209,Bonito,MS,57500
5002308,Brasilândia,MS,2724
5002407,Caarapó,MS,110000
5002605,Camapuã,MS,31445
5002704,Campo Grande,MS,94000
5002803,Caracol,MS,3360
5002902,Cassilândia,MS,10000
5002951,Chapadão do Sul,MS,100000
5003108,Corguinho,MS,580
5003157,Coronel Sapucaia,MS,24700
5003207,Corumbá,MS,4139
5003256,Costa Rica,MS,86000
5003306,Coxim,MS,12000
5003454,Deodápolis,MS,15000
5003488,Dois Irmãos do Buriti,MS,13469
5003504,Douradina,MS,15000
5003702,Dourados,MS,200000
5003751,Eldorado,MS,20000
5003801,Fátima do Sul,MS,14000
5003900,Figueirão,MS,2250
5004007,Glória de Dourados,MS,3000
5004106,Guia Lopes da Laguna,MS,22250
5004304,Iguatemi,MS,45000
5004502,Itaporã,MS,75000
5004601,Itaquiraí,MS,61000
5004700,Ivinhema,MS,21000
5004809,Japorã,MS,2800
5004908,Jaraguari,MS,30600
5005004,Jardim,MS,17181
5005103,Jateí,MS,25000
5005152,Juti,MS,25000
5005251,Laguna Carapã,MS,117000
5005400,Maracaju,MS,295000
5005608,Miranda,MS,9132
5005681,Mundo Novo,MS,9300
5005707,Naviraí,MS,110000
5005806,Nioaque,MS,7559
5006002,Nova Alvorada do Sul,MS,55500
5006200,Nova Andradina,MS,38660
5006259,Novo Horizonte do Sul,MS,10500
5006275,Paraíso das Águas,MS,85000
5006309,Paranaíba,MS,3502
5006358,Paranhos,MS,15927
5006408,Pedro Gomes,MS,11000
5006606,Ponta Porã,MS,275000
5006903,Porto Murtinho,MS,7000
5007109,Ribas do Rio Pardo,MS,27005
5007208,Rio Brilhante,MS,115000
5007307,Rio Negro,MS,3171
5007406,Rio Verde de Mato Grosso,MS,19000
5007505,Rochedo,MS,6800
5007554,Santa Rita do Pardo,MS,1530
5007695,São Gabriel do Oeste,MS,120000
5007703,Sete Quedas,MS,26000
5007802,Selvíria,MS,1280
5007901,Sidrolândia,MS,245000
5007935,Sonora,MS,57300
5007950,Tacuru,MS,19350
5007976,Taquarussu,MS,7000
5008008,Terenos,MS,33240
5008305,Três Lagoas,MS,302
5008404,Vicentina,MS,8886
5100201,Água Boa,MT,175000
5100250,Alta Floresta,MT,31744
5100300,Alto Araguaia,MT,42413
5100359,Alto Boa Vista,MT,31437
5100409,Alto Garças,MT,93728
5100508,Alto Paraguai,MT,7287
5100607,Alto Taquari,MT,53400
5100805,Apiacás,MT,675
5101001,Araguaiana,MT,3996
5101209,Araguainha,MT,1107
5101258,Araputanga,MT,1510
5101308,Arenápolis,MT,3900
5101407,Aripuanã,MT,2863
5101704,Barra do Bugres,MT,1496
5101803,Barra do Garças,MT,37500
5101852,Bom Jesus do Araguaia,MT,119221
5101902,Brasnorte,MT,248963
5102504,Cáceres,MT,7490
5102603,Campinápolis,MT,30400
5102637,Campo Novo do Parecis,MT,371711
5102678,Campo Verde,MT,235000
5102686,Campos de Júlio,MT,202500
5102694,Canabrava do Norte,MT,28684
5102702,Canarana,MT,300000
5102793,Carlinda,MT,13330
5102850,Castanheira,MT,1400
5103007,Chapada dos Guimarães,MT,31266
5103056,Cláudia,MT,102000
5103106,Cocalinho,MT,12500
5103205,Colíder,MT,19550
5103304,Comodoro,MT,83080
5103353,Confresa,MT,55809
5103361,Conquista D'Oeste,MT,8249
5103379,Cotriguaçu,MT,1108
5103403,Cuiabá,MT,338
5103452,Denise,MT,4828
5103502,Diamantino,MT,384605
5103601,Dom Aquino,MT,36000
5103700,Feliz Natal,MT,136000
5103858,Gaúcha do Norte,MT,190180
5103908,General Carneiro,MT,58800
5104104,Guarantã do Norte,MT,14300
5104203,Guiratinga,MT,68000
5104500,Indiavaí,MT,1496
5104526,Ipiranga do Norte,MT,225000
5104542,Itanhangá,MT,112000
5104559,Itaúba,MT,54200
5104609,Itiquira,MT,180000
5104807,Jaciara,MT,50000
5104906,Jangada,MT,2110
5105101,Juara,MT,60000
5105150,Juína,MT,14204
5105176,Juruena,MT,378
5105200,Juscimeira,MT,35400
5105234,Lambari D'Oeste,MT,1849
5105259,Lucas do Rio Verde,MT,235000
5105309,Luciara,MT,600
5105507,Vila Bela da Santíssima Trindade,MT,38513
5105580,Marcelândia,MT,80000
5105606,Matupá,MT,45000
5105622,Mirassol d'Oeste,MT,2219
5105903,Nobres,MT,45654
5106000,Nortelândia,MT,28000
5106109,Nossa Senhora do Livramento,MT,2988
5106158,Nova Bandeirantes,MT,255
5106174,Nova Nazaré,MT,16000
5106182,Nova Lacerda,MT,31527
5106190,Nova Santa Helena,MT,32000
5106208,Nova Brasilândia,MT,5776
5106216,Nova Canaã do Norte,MT,51933
5106224,Nova Mutum,MT,398000
5106232,Nova Olímpia,MT,3200
5106240,Nova Ubiratã,MT,382677
5106257,Nova Xavantina,MT,65000
5106265,Novo Mundo,MT,51000
5106273,Novo Horizonte do Norte,MT,6000
5106281,Novo São Joaquim,MT,78000
5106299,Paranaíta,MT,15805
5106307,Paranatinga,MT,238000
5106315,Novo Santo Antônio,MT,1200
5106372,Pedra Preta,MT,65964
5106422,Peixoto de Azevedo,MT,38000
5106455,Planalto da Serra,MT,36500
5106505,Poconé,MT,9520
5106653,Pontal do Araguaia,MT,2205
5106752,Pontes e Lacerda,MT,31171
5106778,Porto Alegre do Norte,MT,40000
5106802,Porto dos Gaúchos,MT,182000
5106828,Porto Esperidião,MT,2474
5106851,Porto Estrela,MT,80
5107008,Poxoréu,MT,64500
5107040,Primavera do Leste,MT,270000
5107065,Querência,MT,368000
5107107,São José dos Quatro Marcos,MT,2496
5107180,Ribeirão Cascalheira,MT,90000
5107198,Ribeirãozinho,MT,17800
5107206,Rio Branco,MT,67
5107248,Santa Carmem,MT,121000
5107263,Santo Afonso,MT,15374
5107305,São José do Rio Claro,MT,125000
5107354,São José do Xingu,MT,117000
5107404,São Pedro da Cipa,MT,2200
5107578,Rondolândia,MT,29
5107602,Rondonópolis,MT,85000
5107701,Rosário Oeste,MT,36400
5107743,Santa Cruz do Xingu,MT,38000
5107750,Salto do Céu,MT,2309
5107768,Santa Rita do Trivelato,MT,172000
5107776,Santa Terezinha,MT,30000
5107792,Santo Antônio do Leste,MT,100000
5107800,Santo Antônio do Leverger,MT,37000
5107859,São Félix do Araguaia,MT,226508
5107875,Sapezal,MT,366592
5107883,Serra Nova Dourada,MT,6700
5107909,Sinop,MT,166000
5107925,Sorriso,MT,605000
5107941,Tabaporã,MT,186500
5107958,Tangará da Serra,MT,205111
5108006,Tapurah,MT,180000
5108055,Terra Nova do Norte,MT,33450
5108105,Tesouro,MT,28000
5108204,Torixoréu,MT,20500
5108303,União do Sul,MT,65000
5108501,Vera,MT,155000
5108600,Vila Rica,MT,45000
5108808,Nova Guarita,MT,12500
5108857,Nova Marilândia,MT,5718
5108907,Nova Maringá,MT,200000
5108956,Nova Monte Verde,MT,7692
5200050,Abadia de Goiás,GO,650
5200100,Abadiânia,GO,3495
5200134,Acreúna,GO,51000
5200159,Adelândia,GO,180
5200175,Água Fria de Goiás,GO,40000
5200209,Água Limpa,GO,97
5200258,Águas Lindas de Goiás,GO,380
5200308,Alexânia,GO,3801
5200506,Aloândia,GO,2800
5200555,Alto Horizonte,GO,500
5200605,Alto Paraíso de Goiás,GO,9500
5200803,Alvorada do Norte,GO,2060
5200829,Amaralina,GO,4500
5200852,Americano do Brasil,GO,300
5200902,Amorinópolis,GO,6000
5201108,Anápolis,GO,4765
5201306,Anicuns,GO,2100
5201454,Aparecida do Rio Doce,GO,1000
5201504,Aporé,GO,9000
5201603,Araçu,GO,750
5201801,Aragoiânia,GO,852
5202155,Araguapaz,GO,1580
5202353,Arenópolis,GO,9000
5202502,Aruanã,GO,7900
5202809,Avelinópolis,GO,850
5203104,Baliza,GO,7000
5203203,Barro Alto,GO,5000
5203302,Bela Vista de Goiás,GO,24950
5203401,Bom Jardim de Goiás,GO,9800
5203500,Bom Jesus de Goiás,GO,61500
5203559,Bonfinópolis,GO,530
5203575,Bonópolis,GO,11659
5203609,Brazabrantes,GO,50
5203807,Britânia,GO,3100
5203906,Buriti Alegre,GO,11800
5204003,Cabeceiras,GO,28000
5204250,Cachoeira Dourada,GO,8500
5204300,Caçu,GO,1600
5204409,Caiapônia,GO,38000
5204508,Caldas Novas,GO,33000
5204557,Caldazinha,GO,540
5204607,Campestre de Goiás,GO,1100
5204656,Campinaçu,GO,2053
5204706,Campinorte,GO,10200
5204805,Campo Alegre de Goiás,GO,69000
5205059,Castelândia,GO,3000
5205109,Catalão,GO,115000
5205208,Caturaí,GO,170
5205307,Cavalcante,GO,960
5205406,Ceres,GO,65
5205455,Cezarina,GO,4600
5205471,Chapadão do Céu,GO,92000
5205497,Cidade Ocidental,GO,5500
5205513,Cocalzinho de Goiás,GO,8748
5205802,Corumbá de Goiás,GO,4053
5205901,Corumbaíba,GO,7600
5206206,Cristalina,GO,265000
5206305,Cristianópolis,GO,5450
5206503,Cromínia,GO,700
5206602,Cumari,GO,1800
5206909,Davinópolis,GO,2300
5207105,Diorama,GO,4000
5207253,Doverlândia,GO,22000
5207352,Edealina,GO,22000
5207402,Edéia,GO,28000
5207501,Estrela do Norte,GO,1672
5207535,Faina,GO,30
5207808,Firminópolis,GO,10000
5207907,Flores de Goiás,GO,5200
5208004,Formosa,GO,15000
5208152,Gameleira de Goiás,GO,26650
5208400,Goianápolis,GO,70
5208509,Goiandira,GO,3000
5208608,Goianésia,GO,3800
5208707,Goiânia,GO,1150
5208806,Goianira,GO,2200
5208905,Goiás,GO,4100
5209101,Goiatuba,GO,76000
5209150,Gouvelândia,GO,1400
5209200,Guapó,GO,2300
5209291,Guaraíta,GO,8
5209408,Guarani de Goiás,GO,120
5209457,Guarinos,GO,31
5209606,Heitoraí,GO,160
5209705,Hidrolândia,GO,5200
5209804,Hidrolina,GO,3600
5209903,Iaciara,GO,1140
5209937,Inaciolândia,GO,12000
5209952,Indiara,GO,30000
5210000,Inhumas,GO,930
5210109,Ipameri,GO,100500
5210158,Ipiranga de Goiás,GO,200
5210208,Iporá,GO,5000
5210307,Israelândia,GO,1300
5210406,Itaberaí,GO,28500
5212303,Leopoldo de Bulhões,GO,11200
5212600,Mairipotaba,GO,3300
5212709,Mambaí,GO,350
5212808,Mara Rosa,GO,6800
5212907,Marzagão,GO,1000
5212956,Matrinchã,GO,9200
5213004,Maurilândia,GO,10500
5213053,Mimoso de Goiás,GO,22000
5213087,Minaçu,GO,1557
5213103,Mineiros,GO,100000
5213400,Moiporá,GO,300
5213509,Monte Alegre de Goiás,GO,710
5213707,Montes Claros de Goiás,GO,40000
5213756,Montividiu,GO,142000
5213772,Montividiu do Norte,GO,3692
5213806,Morrinhos,GO,32000
5213855,Morro Agudo de Goiás,GO,13
5213905,Mossâmedes,GO,1800
5214002,Mozarlândia,GO,2750
5214051,Mundo Novo,GO,3880
5214101,Mutunópolis,GO,886
5214408,Nazário,GO,2100
5214507,Nerópolis,GO,280
5214606,Niquelândia,GO,56000
5214838,Nova Crixás,GO,21000
5214861,Nova Glória,GO,1000
5214879,Nova Iguaçu de Goiás,GO,76
5214903,Nova Roma,GO,513
5215009,Nova Veneza,GO,100
5215231,Novo Gama,GO,335
5215256,Novo Planalto,GO,12735
5215306,Orizona,GO,40870
5215504,Ouvidor,GO,2973
5215603,Padre Bernardo,GO,63000
5215652,Palestina de Goiás,GO,11000
5215702,Palmeiras de Goiás,GO,45000
5215801,Palmelo,GO,1100
5215900,Palminópolis,GO,4500
5216007,Panamá,GO,3800
5216304,Paranaiguara,GO,3000
5216403,Paraúna,GO,120000
5216452,Perolândia,GO,35000
5216809,Petrolina de Goiás,GO,1110
5217104,Piracanjuba,GO,65000
5217203,Piranhas,GO,21200
5217302,Pirenópolis,GO,3089
5217401,Pires do Rio,GO,13560
5217609,Planaltina,GO,16000
5217708,Pontalina,GO,32000
5218003,Porangatu,GO,21010
5218052,Porteirão,GO,13500
5218102,Portelândia,GO,24000
5218300,Posse,GO,4591
5218391,Professor Jamil,GO,800
5218508,Quirinópolis,GO,31000
5218607,Rialma,GO,650
5218706,Rianápolis,GO,220
5218789,Rio Quente,GO,200
5218805,Rio Verde,GO,410000
5218904,Rubiataba,GO,79
5219001,Sanclerlândia,GO,190
5219100,Santa Bárbara de Goiás,GO,1400
5219209,Santa Cruz de Goiás,GO,25100
5219258,Santa Fé de Goiás,GO,2300
5219308,Santa Helena de Goiás,GO,60000
5219357,Santa Isabel,GO,700
5219407,Santa Rita do Araguaia,GO,8000
5219456,Santa Rita do Novo Destino,GO,7500
5219506,Santa Rosa de Goiás,GO,1870
5219605,Santa Tereza de Goiás,GO,2230
5219712,Santo Antônio da Barra,GO,10000
5219738,Santo Antônio de Goiás,GO,200
5219753,Santo Antônio do Descoberto,GO,1514
5219803,São Domingos,GO,2255
5219902,São Francisco de Goiás,GO,2260
5220009,São João d'Aliança,GO,42000
5220058,São João da Paraúna,GO,10000
5220108,São Luís de Montes Belos,GO,5000
5220157,São Luiz do Norte,GO,3000
5220207,São Miguel do Araguaia,GO,888
5220264,São Miguel do Passa Quatro,GO,13350
5220454,Senador Canedo,GO,1000
5220504,Serranópolis,GO,33000
5220603,Silvânia,GO,85000
5220686,Simolândia,GO,790
5220702,Sítio d'Abadia,GO,6107
5221007,Taquaral de Goiás,GO,400
5221197,Terezópolis de Goiás,GO,200
5221304,Três Ranchos,GO,400
5221403,Trindade,GO,3000
5221452,Trombas,GO,270
5221502,Turvânia,GO,16000
5221551,Turvelândia,GO,28000
5221577,Uirapuru,GO,1300
5221601,Uruaçu,GO,26000
5221700,Uruana,GO,1800
5221809,Urutaí,GO,6100
5221908,Varjão,GO,1800
5222005,Vianópolis,GO,41000
5222054,Vicentinópolis,GO,24500
5222203,Vila Boa,GO,1800
5222302,Vila Propício,GO,22950
5300108,Brasília,DF,80000
